194,"H2O LIMAO",6,tipo,
195,"H2O LIMONETO",6,tipo,
198,"GUARANA LATA",5.5,tipo,
200,"PEPSI LATA",5.5,tipo,
229,"BRAHMA ZERO 350",8,tipo,
265,"CERVEJA GOOSE MIDWAY 355",13,tipo,
369,"CAMISETA GOOS PRETA LOGO G",70,tipo,
370,"CAMISETA GOOS PRETA LOGO GG",70,tipo,
371,"CAMISETA GOOS PRETA LOGO M",70,tipo,
372,"CAMISETA  GOOS PRETA LOGO P",70,tipo,
477,"SUI LIMAO LN 275ML",13,tipo,
898,"CAM MASC GOOS AZUL BOLSO M",70,tipo,
1091,"CAM MASC GOOS AZUL BOLSO G",70,tipo,
1092,"CAM MASC GOOS AZUL BOLSO GG",70,tipo,
1126,"LIPTON PESSEGO",5.5,tipo,
1178,"CAM FEM GOOS CINZA MESCLA G",70,tipo,
1179,"CAM FEM GOOS CINZA MESCLA GG",70,tipo,
1181,"CAMISETA VERDE FEM G",65,tipo,
1290,"CAM MASC GOOS AZUL BOLSO P",70,tipo,
1292,"CAM MASC GOOS BOLSO PRETA G",70,tipo,
1293,"CAM MASC GOOS BOLSO PRETA GG",70,tipo,
1294,"CAM MASC GOOS BOLSO PRETA M",70,tipo,
1295,"CAM MASC GOOS BOLSO PRETA P",70,tipo,
1322,"TONICA ZERO",5,tipo,
1324,"LIPTON LIMAO",5.5,tipo,
1690,"CERV GOOS ISLAND GILLIAN 765",90,tipo,
1691,"CERV GOOS ISLAND HALIA 765",90,tipo,
1693,"CERV GOOS ISLAND JULIET 765",90,tipo,
1694,"CERV GOOS ISLAND LOLITA 765",90,tipo,
1696,"CERV GOOSE ISL SOFIE 355ML",32,tipo,
1697,"CERV GOOS ISLAND SOFIE 765ML",62,tipo,
1742,"GROWLER AMERICAN WHEAT ML",35,tipo,
1743,"GROWLER ENGLISH BITTER ML",35,tipo,
1744,"GROWLER IPA ML",35,tipo,
1745,"GROWLER PINEY PILS ML",35,tipo,
1746,"GROWLER YELLOW LINE ML",35,tipo,
1776,"BARMAT GOOSE",70,tipo,
1788,AGUA,5,tipo,
1789,"AGUA TONICA",5,tipo,
1790,"GUARANA ZERO LATA",5.5,tipo,
1791,"PEPSI ZERO LATA",5.5,tipo,
1794,"LIPTON LIMAO ZERO",5.5,tipo,
1795,"LIPTON PESSEGO ZERO",5.5,tipo,
1796,"AGUA COM GAS",5,tipo,
1797,"CAM FEM GOOS CINZA MESCLA M",70,tipo,
1798,"CAM FEM GOOS CINZA MESCLA P",70,tipo,
1820,"BONE CINZA COM PRETO GOOS",70,tipo,
1821,"BONE LARANJA COM CINZA GOOS",50,tipo,
1822,"BONE VERDE COM CINZA GOOS",50,tipo,
1824,"VIVANT TINTO LATA",18,tipo,
1825,"VIVANT BRANCO LATA",18,tipo,
1826,"VIVANT ROSE LATA",18,tipo,
1827,"VINHO FAUSTO CABER SAUV 187",20,tipo,
1939,"SUI FRUTAS VERMELHAS LN 275ML",13,tipo,
2213,"GOOS ISLAND IPA 355",20,tipo,
3300,"WHISKY JACK DANIELS 1L",26,tipo,
3301,"WHISKY JOHNNIE W BLACK  1L",35,tipo,
3302,"WHISKY JOHNNIE W.  RED  1L",26,tipo,
3303,"CHEESE SANDWICH",30,tipo,
3304,"CLASSIC BURGER",35,tipo,
3305,"DUCK BURGER",40,tipo,
3306,"DL FUNGHI CROQUETA",40,tipo,
3307,"FUNGHI CROQUETAS",40,tipo,
3308,"VEGGIE BURGER",40,tipo,
3309,"DL CROQUETE DE PORCO",41,tipo,
3310,"CROQUETE DE PORCO",32,tipo,
3311,"APPLE PIE",25,tipo,
3312,"PORTA COPO GOOS",8,tipo,
3313,"GOOS THROWBACK THURSDAY 30L ML",300,tipo,
3314,"GOOS THROWBACK THURSDAY 50L ML",500,tipo,
3315,"SORVETE DE CARAMELO E FLOR DE",16,tipo,
3316,"MOZARELLA ZUCCHINI PESTO SALAD",39,tipo,
3317,"BOURBON COUNTY BRAND STOUT 18",140,tipo,
3318,"DL GROWLER AMERICAN MUSCLE ML",35,tipo,
3319,"DL GROWLER TOWN HALL LAGER ML",35,tipo,
3320,"GROWLER THROWBACK THURSDAY ML",35,tipo,
3321,"VINHO FAUSTO CHARDONNAY 187",20,tipo,
3322,"DL GROWLER WEISS DO CHEFE ML",35,tipo,
3323,"GOOS AMERICAN MUSCLE 30L ML",300,tipo,
3324,"GOOS AMERICAN MUSCLE 50L ML",500,tipo,
3325,"GOOS SINGLE WAI ITI 30L ML",300,tipo,
3326,"GOOS SINGLE WAI ITI 50L ML",500,tipo,
3327,"GOOS TOWN HALL LAGER 30L ML",300,tipo,
3328,"DL GROWLER TOWN HALL ALE ML",35,tipo,
3329,"GOOS AMERICAN WHEAT 30L ML",300,tipo,
3330,"GOOS AMERICAN WHEAT 50L ML",750,tipo,
3331,"GOOS ENGLISH BITTER 30L ML",600,tipo,
3332,"GOOS ENGLISH BITTER 50L ML",750,tipo,
3333,"GOOS TOWN HALL LAGER 50 ML",500,tipo,
3334,"MAIONESE LIMAO E ALHO EXTRA",5,tipo,
3335,"GOOS TOWN HALL ALE 30L ML",300,tipo,
3336,"GOOS TOWN HALL ALE 50L ML",500,tipo,
3337,"GROWLER AMERICAN MUSCLE ML",31.5,tipo,
3338,"GROWLER SINGLE WAI ITI ML",35,tipo,
3339,"GROWLER TOWN HALL LAGER ML",31.5,tipo,
3340,"ESCONDIDINHO DE CARNE SECA",52,tipo,
3341,"CAMISETA MASC AZUL LOGO GG",70,tipo,
3342,"MOLETOM IPA GOOS PRETO GG",160,tipo,
3343,"DL GROWLER RIBEIRAO LAGER",25,tipo,
3344,"GROWLER WEISS DO CHEFE ML",35,tipo,
3345,"CAMISETA B COUNTY FEM GG",65,tipo,
3346,"CAMISETA B COUNTY GAR GG",70,tipo,
3347,"CAMISETA B COUNTYMAS GG",70,tipo,
3348,"CAMISETA MASC AZUL LOGO G",70,tipo,
3349,"CAMISETA MASC AZUL LOGO M",70,tipo,
3350,"CAMISETA MASC AZUL LOGO P",70,tipo,
3351,"MOLETOM IPA GOOS PRETO G",160,tipo,
3352,"MOLETOM IPA GOOS PRETO M",160,tipo,
3353,"MOLETOM IPA GOOS PRETO P",160,tipo,
3354,"VINHO FAUSTO MERLOT 187",20,tipo,
3355,"PRINCIPAL OMELETE BRUNCH",0,tipo,
3356,"PRINCIPAL ROSBIFE BRUNCH",0,tipo,
3357,"FLATBREAD ZUCCHINI PESTO",43,tipo,
3358,"GOOS WEISS DO CHEFE 30L ML",300,tipo,
3359,"GOOS WEISS DO CHEFE 50L ML",500,tipo,
3360,"GOOS YELLOW LINE 30L ML",300,tipo,
3361,"GOOS YELLOW LINE 50L ML",500,tipo,
3362,"GROWLER TOWN HALL ALE ML",31.5,tipo,
3363,"THROWBACK THURSDAY 280ML",8,tipo,
3364,"THROWBACK THURSDAY 470ML",16.5,tipo,
3365,"THROWBACK THURSDAY 570ML",20,tipo,
3366,"CAMISETA B COUNTY FEM G",65,tipo,
3367,"CAMISETA B COUNTY FEM M",65,tipo,
3368,"CAMISETA B COUNTY FEM P",65,tipo,
3369,"CAMISETA B COUNTY GAR G",70,tipo,
3370,"CAMISETA B COUNTY GAR M",70,tipo,
3371,"CAMISETA B COUNTY GAR P",70,tipo,
3372,"CAMISETA B COUNTY MAS G",70,tipo,
3373,"CAMISETA B COUNTY MAS M",70,tipo,
3374,"CAMISETA B COUNTY MAS P",70,tipo,
3375,"CAMISETA MASC CHICAGO GG",70,tipo,
3376,"PRINCIPAL MEXIDO BRUNCH",0,tipo,
3377,"PRINCIPAL SALMAO BRUNCH",0,tipo,
3378,"PRINCIPAL TOSTEX BRUNCH",0,tipo,
3379,"PRINCIPAL VEGANA BRUNCH",0,tipo,
3380,"DL ICE TEA PESSEGO ZERO",5.5,tipo,
3381,"ARROZ BACON E COGUMELOS",30,tipo,
3382,"MAIONESE DEFUMADA EXTRA",5,tipo,
3383,"CAMISETA ALTAI GOOS GG",89.99,tipo,
3384,"CAMISETA MASC CHICAGO G",70,tipo,
3385,"CAMISETA MASC CHICAGO M",70,tipo,
3386,"CAMISETA MASC CHICAGO P",70,tipo,
3387,"ENGLISH BOURBON COFFEE",30,tipo,
3388,"MUSHROOWS POTATO SALAD",33,tipo,
3389,"CAMISETA ALTAI GOOS G",89.99,tipo,
3390,"CAMISETA ALTAI GOOS M",89.99,tipo,
3391,"CAMISETA ALTAI GOOS P",89.99,tipo,
3392,"CAMISETA FEM LUPULO GG",65,tipo,
3393,"AMERICAN MUSCLE 280ML",8,tipo,
3394,"AMERICAN MUSCLE 470ML",16.5,tipo,
3395,"AMERICAN MUSCLE 570ML",20,tipo,
3396,"DL GROWLER HOEGAARDEN",40,tipo,
3397,"DL ICE TEA LIMAO ZERO",5.5,tipo,
3398,"DULCE DE LECHE DONUTS",19,tipo,
3399,"FIRE ROASTED GNOCCHIS",46,tipo,
3400,"HAND CUT POTATO FRIES",25,tipo,
3401,"SINGLE WAI ITI 280ML",8,tipo,
3402,"SINGLE WAI ITI 470ML",16.5,tipo,
3403,"SINGLE WAI ITI 570ML",20,tipo,
3404,"MAIONESE WASABI EXTRA",5,tipo,
3405,"TOWN HALL LAGER 280ML",8,tipo,
3406,"TOWN HALL LAGER 470ML",16.5,tipo,
3407,"TOWN HALL LAGER 570ML",20,tipo,
3408,"CAMISETA FEM LUPULO G",65,tipo,
3409,"CAMISETA FEM LUPULO M",65,tipo,
3410,"CAMISETA FEM LUPULO P",65,tipo,
3411,"GROWLER GOOS PEQUENO",35,tipo,
3412,"AMERICAN WHEAT 280ML",10,tipo,
3413,"AMERICAN WHEAT 470ML",16.5,tipo,
3414,"AMERICAN WHEAT 570ML",20,tipo,
3415,"BOURBON COUNTY CHOPP TACA",55,tipo,
3416,"DL MAIONESE DEFUMADA",3,tipo,
3417,"DL GROWLER MIDWAY ML",35,tipo,
3418,"ENGLISH BITTER 280ML",11,tipo,
3419,"ENGLISH BITTER 470ML",18.5,tipo,
3420,"ENGLISH BITTER 570ML",22.5,tipo,
3421,"SORVETE DE CHOCOLATE",16,tipo,
3422,"FLATBREAD MARGUERITA",40,tipo,
3423,"GOOS ALTO LÁ 30L ML",300,tipo,
3424,"GOOS ALTO LÁ 50L ML",500,tipo,
3425,"GOOS BOURBON COUNTY",2730,tipo,
3426,"GOOS PINEY PILS 30L",200,tipo,
3427,"GOOS PINEY PILS 50L",600,tipo,
3428,"BBQ CERVEJEIRO EXTRA",7,tipo,
3429,"DEGUSTACAO MAIONESES",16,tipo,
3430,"WEISS DO CHEFE 280ML",10,tipo,
3431,"WEISS DO CHEFE 470ML",16.5,tipo,
3432,"WEISS DO CHEFE 570ML",20,tipo,
3433,"ABRIDOR PAREDE GOOSE",150,tipo,
3434,"CAMISETA 7/8 MASC GG",80,tipo,
3435,"CAMISETA AZUL FEM GG",65,tipo,
3436,"CAMISETA RAGLAN CINZ",70,tipo,
3437,"CAMISETA RESERVA FEM",75,tipo,
3438,"CAMISETA RESERVA MAS",75,tipo,
3439,"GROWLER GOOS GRANDE",45,tipo,
3440,"KIT MOSTARDA RUSTICA",25,tipo,
3441,"WHISKEY SINGLE BARRE",45,tipo,
3442,"WINDBREAKER ALTAI GO G",339.99,tipo,
3443,"WINDBREAKER ALTAI GO GG",339.99,tipo,
3444,"WINDBREAKER ALTAI GO M",339.99,tipo,
3445,"WINDBREAKER ALTAI GO P",339.99,tipo,
3446,"EXTRA TOAST MEXIDOS",17,tipo,
3447,"EXTRA TOAST OMELETE",17,tipo,
3448,"EXTRA TOAST ROSBIFE",17,tipo,
3449,"SORVETE DE BAUNILHA",16,tipo,
3450,"GOOS PIZZA SAUSAGE",69,tipo,
3451,"GOOS MIDWAY 30L ML",300,tipo,
3452,"GOOS MIDWAY 50L ML",500,tipo,
3453,"LINHA AMARELA 280ML",11,tipo,
3454,"LINHA AMARELA 470ML",18.5,tipo,
3455,"LINHA AMARELA 570ML",22.5,tipo,
3456,"ROAST BEEF SANDWICH",40,tipo,
3457,"SANDUICHE DE PERNIL",22,tipo,
3458,"CHIMICHURRI SAUSAGE",44,tipo,
3459,"GRILLED TUNA TATAKI",43,tipo,
3460,"TOWN HALL ALE 280ML",8,tipo,
3461,"TOWN HALL ALE 470ML",16.5,tipo,
3462,"TOWN HALL ALE 570ML",20,tipo,
3463,"MOLHO PIMENTA EXTRA",0,tipo,
3464,"CAMISETA 7/8 FEM GG",80,tipo,
3465,"CAMISETA 7/8 MASC G",80,tipo,
3466,"CAMISETA 7/8 MASC M",80,tipo,
3467,"CAMISETA 7/8 MASC P",80,tipo,
3468,"CAMISETA AZUL FEM G",65,tipo,
3469,"CAMISETA AZUL FEM M",65,tipo,
3470,"CAMISETA AZUL FEM P",65,tipo,
3471,"CAMISETA BEGE MASC",70,tipo,
3472,"CAMISETA PRETA FEM",65,tipo,
3473,"TACA BOURBON COUNTY",35,tipo,
3474,"EXTRA TOAST SALMAO",24,tipo,
3475,"EXTRA TOAST VEGANA",17,tipo,
3476,"CHOPP DOUBLE 280ML",0,tipo,
3477,"CHOPP DOUBLE 470ML",0,tipo,
3478,"DL ARROZ COM BACON",30,tipo,
3479,"DL CHEESE SANDWICH",30,tipo,
3480,"DL ICE TEA PESSEGO",5.5,tipo,
3481,"HONEY HONKERS CAKE",0,tipo,
3482,"GOOS PIZZA CHEESE",60,tipo,
3483,"GROWLER ALTO LÁ ML",35,tipo,
3484,"GROWLER HOEGAARDEN",40,tipo,
3485,"CHORIPAN BEER SAND",36,tipo,
3486,"VEGETAIS GRELHADOS",25,tipo,
3487,"CAMISETA 7/8 FEM G",80,tipo,
3488,"CAMISETA 7/8 FEM M",80,tipo,
3489,"CAMISETA 7/8 FEM P",80,tipo,
3490,"DL CEBOLA ACERVDA",2,tipo,
3491,"DL CHORIPAN BEER",41,tipo,
3492,"DL CLASSIC BURGER",35,tipo,
3493,"DL DOUBLE BURGUER",34,tipo,
3494,"DL SPECIAL BURGER",35,tipo,
3495,"FLATBREAD SAUSAGE",51,tipo,
3496,"THE CHEFS SPECIAL",98,tipo,
3497,"FOR ME CHILL GARRAFA OW",35,tipo,
3498,"TOSTA DE PASTRAMI",1,tipo,
3499,"SOFIE CHOPP 280ML",14,tipo,
3500,"SOFIE CHOPP 470ML",29,tipo,
3501,"SOFIE CHOPP 570ML",29,tipo,
3502,"CHIMICHURRI EXTRA",5,tipo,
3503,"MOSTARDA ESCURA",5,tipo,
3504,"BONE FELTRO CINZA",70,tipo,
3505,"MEIA ALTAI GOOS",34.99,tipo,
3506,"SOBREMESA BRUNCH",0,tipo,
3507,"DL BURGUER EXTRA",8,tipo,
3508,"DL GROWLER SOFIE",35,tipo,
3509,"DL ICE TEA LIMÃO",5.5,tipo,
3510,"DL SMASH BURGER",23,tipo,
3511,"DL VEGGIE BURGER",40,tipo,
3512,"GOOS IPA 30L ML",240,tipo,
3513,"GOOS IPA 50L ML",500,tipo,
3514,"PINEY PILS 280ML",11,tipo,
3515,"PINEY PILS 470ML",18.5,tipo,
3516,"PINEY PILS 570ML",22.5,tipo,
3517,"BOLINHO BACALHAU",32,tipo,
3518,"SOFIE CHOPP TACA",28,tipo,
3519,"BOLINHA POTATOES",20,tipo,
3520,"MAIONESE TOMILHO EXTRA",5,tipo,
3521,"BUCKET HAT ALTAI",99.99,tipo,
3522,"COPO ANIVERSARIO",20,tipo,
3523,"SORVETE DE CERV",16,tipo,
3524,"DRY AGED BURGER",55,tipo,
3525,"DL AGUA COM GAS",6,tipo,
3526,"DL CHEESEBURGER",30,tipo,
3527,"DL MINAS PADRAO",4,tipo,
3528,"DL GUARANA ZERO",6,tipo,
3529,"DL H20 LIMONETO",6,tipo,
3530,"BAKED PINEAPPLE",17,tipo,
3531,"DOSE JACK HONEY",26,tipo,
3532,"GOOS MARGARITA",28,tipo,
3533,"TABUA ROASTBEEF",44,tipo,
3534,"RED FRUIT SWEET",23,tipo,
3535,"BATATA CATGUAVA",30,tipo,
3536,"DOUBLE BURGUER",53,tipo,
3537,"DL ANGUS STEAK",70,tipo,
3538,"DL BRAHMA ZERO",8,tipo,
3539,"DL DUCK BURGER",40,tipo,
3540,"DL TONICA ZERO",6,tipo,
3541,"ASSADO DE TIRA",80,tipo,
3542,"FISH AND CHIPS",65,tipo,
3543,"GROWLER SOFIE",57.5,tipo,
3544,"PUDIM DE LEITE",11,tipo,
3545,"SUSPIRO LIMENO",12,tipo,
3546,"PORTA COPO C/4",30,tipo,
3547,"CATCHUP GOIABA",5,tipo,
3548,"MAC AND CHEESE",20,tipo,
3549,"MAIONESE CLASSICA EXTRA",5,tipo,
3550,"YELLOW GIN HOP",32,tipo,
3551,"CANECA OKTOBER",30,tipo,
3552,"ALTO LÁ 280ML",8,tipo,
3553,"ALTO LÁ 470ML",16.5,tipo,
3554,"ALTO LÁ 570ML",20,tipo,
3555,"EXTRA IOGURTE",21,tipo,
3556,"DL GIN TONICA",68,tipo,
3557,"DL GOOS IPA",22,tipo,
3558,"DL PAO DE MEL",10,tipo,
3559,"DL PEPSI ZERO",6,tipo,
3560,"BEER BBQ RIBS",69,tipo,
3561,"ARROZ DE PATO",1,tipo,
3562,"BROWNIE BELGA",1,tipo,
3563,"CHICKEN WINGS",35,tipo,
3564,"CRUNCH CRUNCH",51,tipo,
3565,"MINI RIB BUNS",53,tipo,
3566,"REGUA CLASSIC ML",35,tipo,
3567,"REGUA SPECIAL ML",45,tipo,
3568,"SOFIE BELLINE",28,tipo,
3569,"MIX DE SALADA",15,tipo,
3570,"EXTRA TOSTEX",17,tipo,
3571,"PINT IOGURTE",0,tipo,
3572,COSMOPOLITAN,25,tipo,
3573,"DL APPLE PIE",21,tipo,
3574,"DL MANHATTAN",72,tipo,
3575,"DL SOFIE 355",32,tipo,
3576,"DOSE CACHACA",16,tipo,
3577,"DOSE TEQUILA",20,tipo,
3578,"MIDWAY 280ML",11.5,tipo,
3579,"MIDWAY 470ML",20,tipo,
3580,"MIDWAY 570ML",24,tipo,
3581,"CAESAR SALAD",30,tipo,
3582,"STEAK TARTAR",38,tipo,
3583,"RABO DE GALO",25,tipo,
3584,"SUCO LARANJA",8,tipo,
3585,"PAO DE MALTE",10,tipo,
3586,"SUCO BRUNCH",0,tipo,
3587,"ANGUS STEAK",70,tipo,
3588,"X CHURRASCO",35,tipo,
3589,"PEACH FRESH",19,tipo,
3590,"SUCO SEMANA",10,tipo,
3591,"EXTRA ACAI",21,tipo,
3592,CAIPIRINHA,25,tipo,
3593,CAIPISAQUE,25,tipo,
3594,CAIPIVODCA,25,tipo,
3595,"CHICAGO 75",30,tipo,
3596,"DL CHEDDAR",3.5,tipo,
3597,"DL COSTELA",69,tipo,
3598,"DL GILLIAN",90,tipo,
3599,"DL GUARANA",6,tipo,
3600,"DL NEGRONI",70,tipo,
3601,"DOSE VODCA",20,tipo,
3602,"GIN TONICA",35,tipo,
3603,"VEGAN RICE",33,tipo,
3604,"IPA SPRITZ",27,tipo,
3605,"ARROZ BCO",10,tipo,
3606,"SOFIE MOSA",28,tipo,
3607,"SOFIE PACK",100,tipo,
3608,"SUCO LIMAO",7,tipo,
3609,"CERV TOUR",10,tipo,
3610,"PINT ACAI",0,tipo,
3611,"DL JULIET",90,tipo,
3612,"DL LOLITA",90,tipo,
3613,"DL MIDWAY",13,tipo,
3614,"DL PICLES",3.5,tipo,
3615,"DL SALADA",2,tipo,
3616,"DL TONICA",6,tipo,
3617,"ENTRADA 1",1,tipo,
3618,"ENTRADA 2",1,tipo,
3619,"EXECUTIVO VEGGIE",35,tipo,
3620,SOBREMESA,10,tipo,
3621,"IPA 280 ML",11.5,tipo,
3622,"IPA 470ML",20,tipo,
3623,"IPA 570ML",24,tipo,
3624,PARRILADA,120,tipo,
3625,PROVOLETA,30,tipo,
3626,MANHATTAN,32,tipo,
3627,NEGRONIPA,27,tipo,
3628,"BONE BEGE",70,tipo,
3629,"DL BACON",8,tipo,
3630,"DL HALIA",90,tipo,
3631,"DL PEPSI",6,tipo,
3632,"DOSE RUM",16,tipo,
3633,POLPETAS,50,tipo,
3634,CHAVEIRO,15,tipo,
3635,"COPO 280",25,tipo,
3636,"COPO 470",30,tipo,
3637,"COPO 570",40,tipo,
3638,BRUNCH,49,tipo,
3639,"DL AGUA",6,tipo,
3640,"EXECUTIVO STEAK",35,tipo,
3641,"EXECUTIVO CLASSIC",35,tipo,
3642,TARTARE,1,tipo,
3643,NEGRONI,38,tipo,
3644,FALAFEL,27,tipo,
3645,"DL H20",6,tipo,
3646,MOJITO,25,tipo,
3647,PICLES,3.5,tipo,
3648,CAFE,6,tipo,
3649,MASSA,35,tipo,
3650,BACON,8,tipo,
3651,"MIDWAY PACK 12",110,tipo,
3652,"DL GROWLER AMERICAN WHEAT ML",35,tipo,
3653,"DL GROWLER ENGLISH BITTER ML",35,tipo,
3654,"DL GROWLER IPA ML",35,tipo,
3655,"DL GROWLER PINEY PILS ML",35,tipo,
3656,"DL GROWLER YELLOW LINE ML",35,tipo,
9000,"SERVICO OPICIONAL",0,tipo,
9001,BRUNCH,1,tipo,
9002,BURGERS,1,tipo,
9003,"DELIVERY ALIM",1,tipo,
9004,DESSERTS,1,tipo,
9005,EXECUTIVO,1,tipo,
9006,FLATBREAD,1,tipo,
9007,"ON FIRE",1,tipo,
9008,PROMOS,1,tipo,
9009,SALADS,1,tipo,
9010,SANDWICHES,1,tipo,
9011,"SHAREABLE AND SNACKS",1,tipo,
9012,SIDES,1,tipo,
9013,"DELIVERY ALC",1,tipo,
9014,DESTILADOS,1,tipo,
9015,DRINKS,1,tipo,
9016,VINHOS,1,tipo,
9017,"CERVEJA GARRAFA",1,tipo,
9018,"DELIVERY CERV",1,tipo,
9019,"BARRIL CHOPP",1,tipo,
9020,"CERV ON TAP",1,tipo,
9021,"DL GROWLER 1 LITRO",1,tipo,
9022,"GROWLER 1 LITRO",1,tipo,
9023,BONE,1,tipo,
9024,CAMISETA,1,tipo,
9025,CASACOS,1,tipo,
9026,OUTROS,1,tipo,
9027,BEBIDAS,1,tipo,
9028,"DELIVERY NAB",1,tipo,
9600,"TAXA DE ENTREGA",6,tipo,
5926,"GOOSE DELIVERY FRIES",20,tipo,
7041,"GARRAFA GOOSE 500 ML",6,tipo,
7042,"GROWLER KOLSHA BAMBA ML",35,tipo,
7043,"DL GROWLER KOLSHA BAMBA ML",35,tipo,
7044,"GOOSE KOLSHA BAMBA 30L ML",300,tipo,
7045,"GOOSE KOLSHA BAMBA 50L ML",500,tipo,
7046,"KOLSHA BAMBA 280ML",11.5,tipo,
7047,"KOLSHA BAMBA 470ML",20,tipo,
7048,"KOLSHA BAMBA  570ML",24,tipo,
7049,"BROWNIE TRIPLO CHOCOLATE",23,tipo,
7050,"GROWLER ROCKET LAUNCHER ML",35,tipo,
7051,"DL GROWLER ROCKET LAUNCHER ML",35,tipo,
7052,"GOOSE ROCKET LAUNCHER 30L ML",300,tipo,
7053,"GOOSE ROCKET LAUNCHER 50L ML",500,tipo,
7054,"ROCKET LAUNCHER 280ML",11.5,tipo,
7055,"ROCKET LAUNCHER 470ML",20,tipo,
7056,"ROCKET LAUNCHER 570ML",24,tipo,
7057,"GROWLER BIG RISK ML",35,tipo,
7058,"DL GROWLER BIG RISK ML",35,tipo,
7059,"GOOSE BIG RISK 30L ML",300,tipo,
7060,"GOOSE BIG RISK 50L ML",500,tipo,
7061,"BIG RISK 280ML",11.5,tipo,
7062,"BIG RISK470ML",20,tipo,
7063,"BIG RISK TACA ML",30,tipo,
1375,"CROW APPIA 710ML",18,tipo,
1388,"CROW CAUIM 016 710ML",21,tipo,
1390,"CROW CAUIM 710ML",18,tipo,
1391,"CROW DEMOISELLE 710ML",21,tipo,
1392,"CROW EUGENIA 710ML",29,tipo,
1393,"CROW GUANABARA 710ML",46,tipo,
1394,"CROW ICI 02 710ML",29,tipo,
1395,"CROW INDICA 710ML",21,tipo,
1396,"CROW ITHACA  710ML",46,tipo,
1397,"CROW MURICA 710ML",29,tipo,
1398,"CROW NANO 710ML",32,tipo,
1399,"CROW NASSAU 710ML",29,tipo,
1400,"CROW RIBEIRAO LAGER 710ML",18,tipo,
1401,"CROW TROPICANA 710ML",18,tipo,
1402,"CROW VIXNU 710ML",25,tipo,
9029,"GROWLER 710 ML",1,tipo,
1403,"CROW AMERICAN WHEAT 710ML",25,tipo,
1404,"CROW ENGLISH BITTER 710ML",25,tipo,
1405,"CROW IPA 710ML",25,tipo,
1406,"CROW PINEY PILS 710ML",25,tipo,
1407,"CROW YELLOW LINE 710ML",25,tipo,
1408,"CROW MIDWAY 710ML",25,tipo,
1473,"CROW WAI ITI 710ML",25,tipo,
1474,"HOEGAARDEN 280ML",11.5,tipo,
1475,HOEGAARDEN,20,tipo,
1476,"HOEGAARDEN 570ML",24,tipo,
1477,"DL GROWLER HOEGAARDEN",40,tipo,
1478,"GROWLER HOEGAARDEN",40,tipo,
9601,"TAXA ENTREGA",1,tipo,
646,"PEPSI LATA 350ML ZE",preco,tipo,
647,"PEPSI ZERO 350 ML ZE",preco,tipo,
648,"LASANHA TOCA FUNCIONARIO",preco,tipo,
649,"BAIAO DE DOIS FUNCIONARIO",preco,tipo,
650,"ESCONDIDINHO FUNCIONARIO",preco,tipo,
651,"CERVEJA RIBER LAJER 410ML ZE",preco,tipo,
652,"CERVEJA BRAHMA ZERO LT 350ML Z",preco,tipo,
653,"CITRUS ANTARCTICA 350ML ZE",preco,tipo,
654,"CERVEJA CABRUCA 350ML",preco,tipo,
645,"COPO COLORADO 350 ML ZE",preco,tipo,
5225,"CERV PORTER PORTEIRA 500ML ZE",preco,tipo,
655,"LATA CROWLER",1.05,tipo,
656,"CHA BAER MATE",5,tipo,
657,"RIBEIRAO LAGER LN 355ML",preco,tipo,
2510,"GROW ITHACA 1L",preco,tipo,
658,"GROW ITHACA 2L",preco,tipo,
2659,"RED BULL LT 250ML",preco,tipo,
2660,"RED BULL SUGARFREE LT 250ML",preco,tipo,
586,"FEIJOADA DELIVERY",preco,tipo,
659,"ENERGETICO RED BULL 250ML ZE",preco,tipo,
660,"ENERGETICO RED BULL ZERO 250ML",preco,tipo,
661,"MIKES HARD SPARKLING WATER 350",4.99,tipo,
662,"TAXA DE LOCACAO CHOPEIRA",preco,tipo,
5320,"NORTENA 960ML",preco,tipo,
268,"CERVEJA PATAGONIA WEISSE 355ML",preco,tipo,
5244,"PATAGONIA BOHEMIAN PIL LN355ML",0,tipo,
266,"CERVEJA PATAGONIA AMBER 355ML",preco,tipo,
277,"CERVEJA WALS VERANO 600ML",preco,tipo,
664,"CERVEJA CARACU LONG NECK 355ML",preco,tipo,
2486,"CERV GUANABARA WOOD 600ML",49.9,tipo,
2496,"CHOP APPIA 350ML COLLACT",0.01,tipo,
2498,"CHOP DEMOIS 350ML COLLACT",0.01,tipo,
2500,"CHOP INDICA 350ML COLLACT",0.01,tipo,
2497,"CHOP CAUIM 016 350ML COLLACT",0.01,tipo,
677,"TACA HOCUS POCUS COGU 330ML",30,tipo,
1916,"CAFE DESCAFEINADO",5,tipo,
1917,"CAFE RISTRETO",5,tipo,
2127,"CAFE LEGGERO",5,tipo,
23,"ARROZ EXTRA",5,tipo,
4000,"HOTDOG COM CHEDDAR",30,tipo,
4001,"HOTDOG CHICAGO",26,tipo,
4002,"HOTDOG ALEMAO",25,tipo,
3999,HOTDOG,0.01,tipo,
9030,HOT-DOGS,1,tipo,
5139,"GROWLER CERAMICA 550ML",44.9,tipo,
1472,"MIKES HARD LEMONADE LT",4.99,tipo,
1792,"H2OH CITRUS PET 500ML",2.99,tipo,
7023,"BARMAT PATAGONIA",70,tipo,
3657,"GROWLER H MELLON ML",35,tipo,
3658,"DL GROWLER H MELLON  ML",35,tipo,
3659,"GOOSE H MELLON 50L ML",500,tipo,
3660,"H MELLON  280ML",11.5,tipo,
3661,"H MELLON 470ML",20,tipo,
3662,"H MELLON 570ML",24,tipo,
2570,"CERVEJA NOI CIOCCOLATO 300 ML",25.9,tipo,
2571,"CERVEJA NOI NERA 600 ML",18.9,tipo,
1980,"CHA LIPTON LIMAO 1/5 L",6.2,tipo,
3663,"GROWLER PET 1L",1.64,tipo,
3664,"GROWLER PET 2L",2.15,tipo,
3665,"CAMISETA FEM LOGO GOSS BR",70,tipo,
3666,"CAMISETA MASC CHICAGO BRA",70,tipo,
2174,"PALITOS DE MUSSARELA OMNI",22,tipo,
2175,"BOLINHO DE COSTELA OMNI",22,tipo,
3667,"BOURBON COUNTY BRAND STOUT 19",180,tipo,
3668,"PRATO BOURBON COUNTY",65,tipo,
3669,"GOOSE SUMMER HAZE 50L ML",600,tipo,
3670,"REGUA RIS ML",85,tipo,
3671,"PRATO BOURBON COUNTY S",80,tipo,
3672,"SUMMER HAZE 280ML",11,tipo,
3673,"SUMMER HAZE 470ML",16,tipo,
3674,"WEISSE CAJA 280ML",11,tipo,
3675,"WEISSE CAJA 470ML",16,tipo,
701158,"EMBALAGEM FRITAS PAPEL",preco,tipo,
701157,"EMBALAGEM BURGUER PAPEL",preco,tipo,
602324,"SABAO PO",preco,tipo,
602310,"GELO 5KG",preco,tipo,
502514,CUPIM,preco,tipo,
502507,"TRIGO SARRACENO",preco,tipo,
502502,"TOMATE CONFITADO",preco,tipo,
502493,SALSINHA,preco,tipo,
502492,SALSAO,preco,tipo,
502491,"SALSA RANCHERA",preco,tipo,
502486,"SAL MALDON",preco,tipo,
502482,"REPOLHO ROXO",preco,tipo,
502474,QUIABO,preco,tipo,
502456,"PIMENTA SIRIA",preco,tipo,
502455,"PIMENTA CAMBUCI",preco,tipo,
502454,"PIMENTA BIQUINHO",preco,tipo,
502450,"PERNIL SUINO",preco,tipo,
502435,"OLEO DE PEQUI",preco,tipo,
502434,"OLEO DE MILHO",preco,tipo,
502416,"MIX PRIMAVERA",preco,tipo,
502409,"MINI PREGADOR",preco,tipo,
502407,"MINI AGRIAO",preco,tipo,
502406,"MILHO VERDE EM CONSERVA",preco,tipo,
502391,"MANTEIGA NOISETTE",preco,tipo,
502390,"MANTEIGA GARRAFA",preco,tipo,
502388,MANDIOCA,preco,tipo,
502380,"MACA VERDE",preco,tipo,
502379,MACA,preco,tipo,
502376,"LEITE DE COCO",preco,tipo,
502374,"IOGURTE NATURAL",preco,tipo,
502369,GRANOLA,preco,tipo,
502365,"FLOR DE SAL",preco,tipo,
502354,"CUESTA AZUL",preco,tipo,
502353,CUESTA,preco,tipo,
502347,"COXAO MOLE",preco,tipo,
502346,"COXA E SOBRECOXA",preco,tipo,
502344,COMINHO,preco,tipo,
502343,COENTRO,preco,tipo,
502340,CHUCRUTE,preco,tipo,
502333,CEREJA,preco,tipo,
502332,"CASTANHA DO PARA",preco,tipo,
502324,"CACAU EM PO",preco,tipo,
502311,"BLEND BURGUER GOOSE",preco,tipo,
502310,"BLEND BURGUER DUCK GOOSE",preco,tipo,
502309,"BISTECA SUINA",preco,tipo,
502308,"BICABORNATO DE SODIO",preco,tipo,
502305,"BATATA DOCE",preco,tipo,
502304,"BATATA CRISPERS",preco,tipo,
502302,BABAGANOUSH,preco,tipo,
502293,"ARROZ ARBORIO",preco,tipo,
502292,AMENDOIM,preco,tipo,
502289,ACAI,preco,tipo,
502287,ABACATE,preco,tipo,
502284,SALMAO,preco,tipo,
502282,"TORRADA TOSTADA DE ALECRIM",preco,tipo,
502279,"PIMENTAO VERMELHO",preco,tipo,
502278,BERINJELA,preco,tipo,
502277,"CEBOLA ROXA",preco,tipo,
502276,"MEDALHAO DE FRANGO",preco,tipo,
502275,"PICANHA BOVINA",preco,tipo,
502271,"CARNE SECA",preco,tipo,
502269,ALCAPARRAS,preco,tipo,
502268,"ACUCAR MASCAVO",preco,tipo,
502266,"CANELA EM PO",preco,tipo,
502265,BAUNILHA,preco,tipo,
502264,"PAPRICA PICANTE",preco,tipo,
502263,"PAPRICA DOCE",preco,tipo,
502262,BANANA,preco,tipo,
502260,"MANJERICAO BASILICO",preco,tipo,
502257,"ALHO PORO",preco,tipo,
502256,ALECRIM,preco,tipo,
502255,"ABOBRINHA ITALIANA",preco,tipo,
502254,ABOBORA,preco,tipo,
502253,HORTELA,preco,tipo,
502252,"LOMBO DE BACALHAU",preco,tipo,
502250,MANTEIGA,preco,tipo,
502249,"SACOLA KRAFT 30KG",preco,tipo,
502248,"SACOLA KRAFT 20KG",preco,tipo,
502247,"SACOLA KRAFT 15KG",preco,tipo,
502246,"SACOLA KRAFT 10KG",preco,tipo,
502245,"SACOLA PLASTICA MEDIA",preco,tipo,
502239,"SAL GROSSO",preco,tipo,
502238,SAL,preco,tipo,
502237,"ACETO BALSAMICO",preco,tipo,
502235,"CHOPP HOEGAARDEN",preco,tipo,
502233,"VINAGRE DA MACA BRANCO",preco,tipo,
502232,VINAGRE,preco,tipo,
502215,"BATATA CANOA",preco,tipo,
502213,AVOCADO,preco,tipo,
502210,"GELATINA INCOLOR",preco,tipo,
502209,"SORVETE DE LARANJA",preco,tipo,
502208,"SORVETE DE FRUTAS VERMELHAS",preco,tipo,
502206,"SORVETE DE CREME",preco,tipo,
502204,"PIMENTA TABASCO",preco,tipo,
502200,"MOLHO INGLES",preco,tipo,
502199,BARBECUE,preco,tipo,
502194,"MOLHO MOSTARDA",preco,tipo,
502189,"FERMENTO BIOLOGICO",preco,tipo,
502188,MORANGO,preco,tipo,
502183,"AZEITONA PRETA",preco,tipo,
502181,"BATATA CHIPS",preco,tipo,
502180,"CHAMPIGNOM FATIADO",preco,tipo,
502179,"RELISH DE PEPINO",preco,tipo,
502177,"PAO ITALIANO",preco,tipo,
502174,"PAO DE HAMBURGUER BRIOCHE",preco,tipo,
502169,"BOLINHO DE BACALHAU",preco,tipo,
502163,"MINI PAO ITALIANO",preco,tipo,
502157,"RAVIOLI DE QUEIJO",preco,tipo,
502155,PENNE,preco,tipo,
502150,PANKO,preco,tipo,
502148,"DOCE DE LEITE",preco,tipo,
502146,"CHOCOLATE EM PO",preco,tipo,
502144,"CHOCOLATE EM BARRA",preco,tipo,
502143,"CHOCOLATE BELGA 70%",preco,tipo,
502140,"XAROPE DE GLUCOSE",preco,tipo,
502139,"ACUCAR REFINADO",preco,tipo,
502136,"PRESUNTO SERRANO",preco,tipo,
502135,"PRESUNTO ROYALE",preco,tipo,
502131,PAIO,preco,tipo,
502129,"LINGUICA TOSCANA",preco,tipo,
502125,"OLEO DE ALGODAO",preco,tipo,
502124,AZEITE,preco,tipo,
502123,"OLEO DE SOJA",preco,tipo,
502120,TAHINE,preco,tipo,
502117,"FARINHA DE MESA",preco,tipo,
502116,"AVEIA EM FLOCOS",preco,tipo,
502114,"FARINHA DE TRIGO",preco,tipo,
502112,ARROZ,preco,tipo,
502111,CURRY,preco,tipo,
502107,"PIMENTA DO REINO",preco,tipo,
502105,KIWI,preco,tipo,
502104,"LIMAO TAHITI",preco,tipo,
502103,"LIMAO SICILIANO",preco,tipo,
502102,"LARANJA PERA",preco,tipo,
502101,"MANGA PALMER",preco,tipo,
502100,"ABACAXI PEROLA",preco,tipo,
502098,"AMENDOAS LAMINADAS",preco,tipo,
502097,"AMENDOAS EM LASCAS",preco,tipo,
502094,MANDIOQUINHA,preco,tipo,
502092,"GRAO DE BICO",preco,tipo,
502090,"ALHO DESCASCADO",preco,tipo,
502084,"CEBOLA BRANCA",preco,tipo,
502082,"PIMENTAO VERDE",preco,tipo,
502081,"PIMENTAO AMARELO",preco,tipo,
502080,"PIMENTA DEDO DE MOCA",preco,tipo,
502079,"COGUMELO SHITAKE",preco,tipo,
502078,VAGEM,preco,tipo,
502077,"BROTO DE BETERRABA",preco,tipo,
502076,BETERRABA,preco,tipo,
502075,CENOURA,preco,tipo,
502074,RUCULA,preco,tipo,
502073,TOMILHO,preco,tipo,
502072,SALVIA,preco,tipo,
502071,"ALFACE ROXA",preco,tipo,
502070,"ALFACE ROMANA MINI",preco,tipo,
502069,"ALFACE AMERICANA",preco,tipo,
502068,ALFACE,preco,tipo,
502067,"SALSA LISA",preco,tipo,
502066,"COUVE MANTEIGA",preco,tipo,
502065,"COUVE FLOR",preco,tipo,
502064,BROCOLIS,preco,tipo,
502063,ALHO,preco,tipo,
502062,"TOMATE CARMEM",preco,tipo,
502061,"TOMATE PELATO",preco,tipo,
502060,"TOMATE ITALIANO",preco,tipo,
502059,"TOMATE CEREJA",preco,tipo,
502058,TOMATE,preco,tipo,
502057,"BATATA INGLESA",preco,tipo,
502056,"BATATA CRINKLE",preco,tipo,
502055,"BATATA BOLINHA",preco,tipo,
502054,"BATATA ASTERIX",preco,tipo,
502052,MEL,preco,tipo,
502051,"GEMA PASTEURIZADA",preco,tipo,
502050,"OVO COMUM",preco,tipo,
502047,"QUEIJO PROVOLONE",preco,tipo,
502046,"QUEIJO MEIA CURA",preco,tipo,
502045,"QUEIJO GRUYERE",preco,tipo,
502044,"QUEIJO GRANA PADANO",preco,tipo,
502043,"QUEIJO BRIE",preco,tipo,
502042,GORGONZOLA,preco,tipo,
502041,CHEDDAR,preco,tipo,
502040,PARMESAO,preco,tipo,
502039,RICOTA,preco,tipo,
502038,"CREAM CHEESE",preco,tipo,
502037,CATUPIRY,preco,tipo,
502036,"QUEIJO PRATO",preco,tipo,
502035,"QUEIJO COALHO",preco,tipo,
502034,MUSSARELA,preco,tipo,
502033,"MUSSARELA DE BUFALA",preco,tipo,
502031,"LEITE CONDENSADO",preco,tipo,
502029,"CREME DE LEITE FRESCO",preco,tipo,
502028,"CREME DE LEITE",preco,tipo,
502027,"LEITE INTEGRAL",preco,tipo,
502025,ANCHOVA,preco,tipo,
502024,TRUTA,preco,tipo,
502023,PARMA,preco,tipo,
502022,"BACON FATIA",preco,tipo,
502020,BACON,preco,tipo,
502018,"GALETO DESSOSADO",preco,tipo,
502016,"LOMBO SUINO",preco,tipo,
502015,"BARRIGA DE PORCO",preco,tipo,
502014,"PANCETA COZIDA",preco,tipo,
502012,"FILE MIGNON",preco,tipo,
502010,"CARNE MOIDA",preco,tipo,
502008,"PATINHO MOIDO",preco,tipo,
502007,LAGARTO,preco,tipo,
502003,"COSTELA SUINA",preco,tipo,
502002,"CONTRA FILE",preco,tipo,
502001,ANCHO,preco,tipo,
501544,"MINI MILHO",preco,tipo,
501332,"SORVETE CHOCOLATE BELGA",preco,tipo,
501299,"PICKLES DE PEPINO",preco,tipo,
501291,PASTRAMI,preco,tipo,
501249,"MIX SALSICHAS ALEMAES",preco,tipo,
501240,"MINI CHURROS C DOCE DE LEITE",preco,tipo,
501236,"MANTEIGA DE ERVAS",preco,tipo,
501121,CHIMICHURRI,preco,tipo,
403012,"BITTERS AROMATIC ANGOSTURA",preco,tipo,
402239,"TEQUILA SILVER",preco,tipo,
402238,"SAL MICHELADA",preco,tipo,
402237,"MELACO DE CANA",preco,tipo,
402232,COINTREAU,preco,tipo,
402217,"WHISKY J WALKER BLACK LABEL 1L",preco,tipo,
402212,"WHISKY JACK DANIELS 1L",preco,tipo,
402146,"TEQUI JOS CUERVO ESP PRA 750ML",preco,tipo,
402145,"TEQUI JOS CUERVO ESP GOL 750ML",preco,tipo,
402135,"RUM HAVANA CLUB 7 ANOS 750ML",preco,tipo,
402134,"RUM HAVANA CLUB 3 ANOS 750ML",preco,tipo,
402047,"APERITIVO APEROL 750ML",preco,tipo,
402030,"VODKA TIIV",preco,tipo,
402026,"GIN VITORIA REGIA 750ML",preco,tipo,
402011,"CACHACA YAGUARA",preco,tipo,
402005,"VERMOUT NOILLY PRAT DRY 750 ML",preco,tipo,
402002,CAMPARI,preco,tipo,
401020,"CAFE EM PO",preco,tipo,
401019,"CAFE EM GRAO",preco,tipo,
10410,"TACA SISTERS",preco,tipo,
10409,"TACA MARTINI",preco,tipo,
10408,"TACA IMPERATRIZ",preco,tipo,
10407,"TACA COQUETEL WINDSOR",preco,tipo,
10406,"TACA CONHAQUE WINDSOR",preco,tipo,
10405,"TACA CHAMPAGNE FLUTE BARONE",preco,tipo,
10404,"TACA CABERNET",preco,tipo,
10403,"TACA BARONE AGUA",preco,tipo,
10402,"COPO TACA VINHO",preco,tipo,
10401,"COPO TACA BOJO",preco,tipo,
10400,"COPO SOBREMESA",preco,tipo,
10399,"COPO SHOT",preco,tipo,
10398,"COPO ROCKS BRISTOL 320ML",preco,tipo,
10397,"COPO ON THE ROCKS",preco,tipo,
10396,"COPO LONG DRINK",preco,tipo,
10395,"COPO LIBBEY GIBRALTAR",preco,tipo,
10394,"COPO DOSE 60ML",preco,tipo,
10393,"CANECA ESMALTADA",preco,tipo,
10392,"TAÇA TROPICAL",preco,tipo,
10391,"XAROPE DE PESSEGO",preco,tipo,
10390,"XAROPE DE MAÇA VERDE",preco,tipo,
10389,"SUCO CRANBERRY",preco,tipo,
10388,"SORVETE DE CHOCOLATE",preco,tipo,
10387,"SORVETE DE CERVEJA",preco,tipo,
10386,"SORVETE DE CARAMELO E SAL",preco,tipo,
10385,"SORVETE DE BAUNILHA",preco,tipo,
10384,"QUEIJO SAINT MARCELIN",preco,tipo,
10383,"QUEIJO MINAS PADRAO",preco,tipo,
10382,"QUEIJO CABRA",preco,tipo,
10381,"MEDALHAO DE ATUM",preco,tipo,
10380,"LOMBO DE ATUM",preco,tipo,
10379,CAMARAO,preco,tipo,
10378,"BACALHAU GADUS MORHUA",preco,tipo,
10377,"BACALHAU DESFIADO",preco,tipo,
10376,"PAO CIABATTA MINI",preco,tipo,
10375,"PAO CIABATTA",preco,tipo,
10374,"PAO FORMA CENTEIO",preco,tipo,
10373,"PAO DOG BRIOCHE",preco,tipo,
10372,"PAO BRIOCHE",preco,tipo,
10371,"PAO DE FORMA",preco,tipo,
10370,"PAO BOLA DE BERLIM",preco,tipo,
10369,"PAO BAGUETE",preco,tipo,
10368,"PAO AGUA",preco,tipo,
10367,"AZEITE FRUTADO BATALHA",preco,tipo,
10366,WASSABI,preco,tipo,
10365,"SAL SACHE",preco,tipo,
10364,"PIMENTA CAIENA",preco,tipo,
10363,"MOSTARDA SACHE",preco,tipo,
10362,"MOSTARDA FRASCO STRUMPF",preco,tipo,
10361,"MOSTARDA ESCURA GOOSE",preco,tipo,
10360,"MOSTARDA CERVEJA",preco,tipo,
10359,"MOLHO PIMENTA SRIRACHA",preco,tipo,
10358,"MOLHO EKIMISSO",preco,tipo,
10357,"MOLHO DE COGUMELO VEGETARIANO",preco,tipo,
10356,"MOEDOR DE SAL",preco,tipo,
10355,"MOEDOR DE PIMENTA",preco,tipo,
10354,"KETCHUP SACHE STRUMPF",preco,tipo,
10353,"KETCHUP SACHE",preco,tipo,
10352,"KETCHUP FRASCO STRUMPF",preco,tipo,
10351,"ESSENCIA BAUNILHA",preco,tipo,
10350,"DRY RUB",preco,tipo,
10349,"RAVIOLE DE MUSSARELA",preco,tipo,
10348,"MACARRAO SERPENTINA",preco,tipo,
10347,"MACARRAO FUSILLE",preco,tipo,
10346,"GNOCCHIS DE  MANDIOQUINHA",preco,tipo,
10345,"DISCOS DE PIZZA",preco,tipo,
10344,"CANELONI PALMITO",preco,tipo,
10343,REPOLHO,preco,tipo,
10342,RADICCHIO,preco,tipo,
10341,"PIMENTA DE CHEIRO",preco,tipo,
10340,"PIMENTA BODE AMARELA",preco,tipo,
10339,PESSEGO,preco,tipo,
10338,PERA,preco,tipo,
10337,"PEPINO COMUM",preco,tipo,
10336,"MIX FOLHAS",preco,tipo,
10335,"MINI CENOURA",preco,tipo,
10334,"MILHO ESPIGA",preco,tipo,
10333,"MELAO ORANGE",preco,tipo,
10332,MELANCIA,preco,tipo,
10331,MARACUJA,preco,tipo,
10330,MANJERICAO,preco,tipo,
10329,"MANGA POLPA CONGELADA",preco,tipo,
10328,MAMAO,preco,tipo,
10327,LOURO,preco,tipo,
10326,"LIMA DA PERSIA",preco,tipo,
10325,"LARANJA BAHIA",preco,tipo,
10324,"GOIABA VERMELHA",preco,tipo,
10323,"FRUTAS VERMELHAS",preco,tipo,
10322,FRAMBOESA,preco,tipo,
10321,ESCAROLA,preco,tipo,
10320,"ERVILHA TORTA",preco,tipo,
10319,"ERVILHA CONGELADA",preco,tipo,
10318,"ERVA DOCE",preco,tipo,
10317,"ENDRO DILL",preco,tipo,
10316,"CRANBERRY DESIDRATADA",preco,tipo,
10315,"COGUMELO PARIS",preco,tipo,
10314,"COCO FRESCO RALADO",preco,tipo,
10313,"CENOURA MINI",preco,tipo,
10312,CEBOLINHA,preco,tipo,
10311,"BROTO DE ALFAFA",preco,tipo,
10310,"BROCOLIS JAPONES",preco,tipo,
10309,"BLUE BERRY FRESCA",preco,tipo,
10308,"BETERRABA MINI",preco,tipo,
10307,"BABY LEAF PICANTE",preco,tipo,
10306,AVELA,preco,tipo,
10305,ASPARGO,preco,tipo,
10304,"ALFACE ROMANA",preco,tipo,
10303,"ALFACE CRESPA HIDROPONICA",preco,tipo,
10302,AGRIAO,preco,tipo,
10301,"TOUCA TNT SANFONADA",preco,tipo,
10300,"SODA CAUSTICA",preco,tipo,
10299,"SACO DE LIXO 60 L",preco,tipo,
10298,"SACO DE LIXO 200L",preco,tipo,
10297,"SACO DE LIXO 120L",preco,tipo,
10296,"SACO DE LIXO 100L",preco,tipo,
10295,"SACO ALVEJADO",preco,tipo,
10294,"SACO ABSORVENTE 12X25",preco,tipo,
10293,"SABONETE LIQUIDO REFIL 5X950",preco,tipo,
10292,"SABONETE LIQ EXACCTA",preco,tipo,
10291,"SABONETE ECOBAC 6X800",preco,tipo,
10290,"ROLO ALUMINIO",preco,tipo,
10289,"PROTETOR ASSENTO SANITARIO",preco,tipo,
10288,"PAPEL TOALHA SNOB",preco,tipo,
10287,"PAPEL TOALHA ROLO",preco,tipo,
10286,"PAPEL TOALHA INTERF",preco,tipo,
10285,"PAPEL HIGIENICO ROLO",preco,tipo,
10284,"PAPEL HIGIENICO INTER",preco,tipo,
10283,"PANO MULTIUSO AZUL",preco,tipo,
10282,"MOP UMIDO",preco,tipo,
10281,"MIKRO CHLOR",preco,tipo,
10280,"MERCOTECH MULTIUSO CLORADO",preco,tipo,
10279,"MERCOTECH MEGA",preco,tipo,
10278,"MERCOTECH GRILL WB",preco,tipo,
10277,"MERCOTECH DET SUPER GEL",preco,tipo,
10276,"MASTER FOAM CLOR",preco,tipo,
10275,"LUVA LATEX",preco,tipo,
10274,"LUVA EMBORRACHADA",preco,tipo,
10273,"LUSTRA MOVEL",preco,tipo,
10272,"LIMPA PISOS",preco,tipo,
10271,"LENCO ALCOOL",preco,tipo,
10270,"FIBRA MULTIUSO VERDE",preco,tipo,
10269,"FIBRA MULTIUSO BRANCA",preco,tipo,
10268,"ESPONJA FIBRAÇO",preco,tipo,
10267,"ESPONJA DUPLA FACE",preco,tipo,
10266,"ESPADINHA DESCARTAVEL",preco,tipo,
10265,"ECOLAB ZIX 40",preco,tipo,
10264,"ECOLAB TRUMP S",preco,tipo,
10263,"ECOLAB SOLID POWER",preco,tipo,
10262,"ECOLAB SANITIZING",preco,tipo,
10261,"ECOLAB POT E PAN",preco,tipo,
10260,"ECOLAB MERIT",preco,tipo,
10259,"ECOLAB LOCAO ANTISEPT ALCOOL",preco,tipo,
10258,"ECOLAB JET DRY",preco,tipo,
10257,"ECOLAB GREASESTRIP",preco,tipo,
10256,"DIVOSTAR QUATTRO",preco,tipo,
10255,"DIVOSAN TC86",preco,tipo,
10254,"DIVOSAN FORTE",preco,tipo,
10253,"DETERGENTE NEUTRO",preco,tipo,
10252,"DETERGENTE MAQUINA",preco,tipo,
10251,"DETERGENTE DESENGRAXANTE",preco,tipo,
10250,DESINFETANTE,preco,tipo,
10249,DESCALE,preco,tipo,
10248,"CLORO HIPOCLORITO",preco,tipo,
10247,BRACSAN,preco,tipo,
10246,"BOBINA TERMICA",preco,tipo,
10245,"BOBINA PVC ESTICAVEL",preco,tipo,
10244,"BOBINA PICOTADA 40X60",preco,tipo,
10243,"BOBINA PICOTADA 20X30",preco,tipo,
10242,"B-701 CLOR",preco,tipo,
10241,B-555,preco,tipo,
10240,B-160,preco,tipo,
10239,"ALCOOL GEL 70",preco,tipo,
10238,"ALCOOL 70",preco,tipo,
10237,"ACCEL CLEAN SWA",preco,tipo,
10236,SAGU,preco,tipo,
10235,LENTILHA,preco,tipo,
10234,"FEIJAO CARIOCA",preco,tipo,
10233,CANJIQUINHA,preco,tipo,
10232,CANJICA,preco,tipo,
10231,"PEITO PERU",preco,tipo,
10230,LONZINO,preco,tipo,
10229,"LINGUICA ARTESANAL",preco,tipo,
10228,"JOELHO DE PORCO DEFUMADO",preco,tipo,
10227,"COPA LOMBO",preco,tipo,
10226,"BOLINHO DE PORCO",preco,tipo,
10225,"TRIGO FLOCOS",preco,tipo,
10224,"MIX TAPIOCARIA",preco,tipo,
10223,"FECULA DE BATATA",preco,tipo,
10222,"SACOLA KRAFT 100GRS",preco,tipo,
10221,"SACOLA BRANCA 38X48",preco,tipo,
10220,"SACOLA BRANCA 30X40",preco,tipo,
10219,"POTE PRAFESTA REDONDO 500",preco,tipo,
10218,"POTE PRAFESTA REDONDO 1000",preco,tipo,
10217,"POTE MOLHO 30ML",preco,tipo,
10216,"PAPEL MANTEIGA COM LOGO",preco,tipo,
10215,"PALITO SACHE",preco,tipo,
10214,"MEXEDOR DE CAFE",preco,tipo,
10213,"MASCARA DESCARTAVEL TNT",preco,tipo,
10212,"MASC PROTECAO FACIAL",preco,tipo,
10211,"JOGO AMERICANO",preco,tipo,
10210,"GUARDANAPO SACHE",preco,tipo,
10209,"GUARDANAPO FIESTA QUADRADO",preco,tipo,
10208,"GUARDANAPO COM LOGO",preco,tipo,
10207,"ETIQUETA REDONDAS",preco,tipo,
10206,"ESPETO P/ CHURRASCO",preco,tipo,
10205,"EMBALAGEM BATATA GOOSE",preco,tipo,
10204,"EMBALAGEM FRITAS GRANDE PE35",preco,tipo,
10203,"COPO DESCARTAVEL SEM LOGO",preco,tipo,
10202,"COPO DESCARTÁVEL COM LOGO",preco,tipo,
10201,"CONJUNTO DE GARFO E FACA",preco,tipo,
10200,"BOLACHA DE CHOPP",preco,tipo,
10199,"BANDEJA ISOPOR HF 101",preco,tipo,
10198,"TORTA DE MACA",preco,tipo,
10197,"PESSEGO EM CALDA",preco,tipo,
10196,"PAO DE MEL",preco,tipo,
10195,"FAVA DE BAUNILHA",preco,tipo,
10194,"CHOCOLATE GOTAS",preco,tipo,
10193,"CHOCOLATE BRANCO BARRA",preco,tipo,
10192,"CHANTILLY SPRAY",preco,tipo,
10191,"ADOCANTE SACHE",preco,tipo,
10190,"ACUCAR SACHE",preco,tipo,
10189,"ACUCAR CONFEITEIRO",preco,tipo,
10188,"OVO PASTEURIZADO",preco,tipo,
10187,"GENGIBRE EM CONSERVA",preco,tipo,
10186,"FUNGHI SECO",preco,tipo,
10185,"CLARA OVO PASTEURIZADA",preco,tipo,
10184,"BARRIL SOFIE",preco,tipo,
10183,"BARRIL BOURBON COUNTY",preco,tipo,
10182,"WHIRFLOC GRANULADO",preco,tipo,
10181,"ULTRAFLO MAX",preco,tipo,
10180,"TRIGO PRE GELATINIZADO CRISP",preco,tipo,
10179,"TRIGO LAMINADO",preco,tipo,
10178,"SULFATO DE CALCIO",preco,tipo,
10177,SPRINGFERM,preco,tipo,
10176,"SAFLAGER W-34",preco,tipo,
10175,"SAFALE US-05",preco,tipo,
10174,"MATUREX 2000",preco,tipo,
10173,"MALTE VIENA",preco,tipo,
10172,"MALTE TRIGO CLARO",preco,tipo,
10171,"MALTE SWAEN MUNICH DARK",preco,tipo,
10170,"MALTE SPECIAL W",preco,tipo,
10169,"MALTE SPECIAL B",preco,tipo,
10168,"MALTE PILSEN",preco,tipo,
10167,"MALTE PALE EXTRA MARIS OTTER",preco,tipo,
10166,"MALTE PALE ALE",preco,tipo,
10165,"MALTE MUNIQUE AGRARIA",preco,tipo,
10164,"MALTE MUNICH III",preco,tipo,
10163,"MALTE MUNICH II",preco,tipo,
10162,"MALTE MELANOIDINA",preco,tipo,
10161,"MALTE MELANO BISCOITO",preco,tipo,
10160,"MALTE DEFUMADO BEST",preco,tipo,
10159,"MALTE CHOCOLATE",preco,tipo,
10158,"MALTE CEVADA TORRADA",preco,tipo,
10157,"MALTE CEVADA FLOCOS",preco,tipo,
10156,"MALTE CENTEIO",preco,tipo,
10155,"MALTE CARARED",preco,tipo,
10154,"MALTE CARAPALIDA",preco,tipo,
10153,"MALTE CARAMUNICH II",preco,tipo,
10152,"MALTE CARAMEL PILS",preco,tipo,
10151,"MALTE CARAMEL MUNICH III",preco,tipo,
10150,"MALTE CARAMEL AROMATIC",preco,tipo,
10149,"MALTE CARAMEL AMBER",preco,tipo,
10148,"MALTE CARAHELL WHEAT",preco,tipo,
10147,"MALTE CARAHELL",preco,tipo,
10146,"MALTE CARAHEL FA ESP TIPO II",preco,tipo,
10145,"MALTE CARAFA II",preco,tipo,
10144,"MALTE CARAFA ESP TIPO I",preco,tipo,
10143,"MALTE CARAAROMA",preco,tipo,
10142,"MALTE BROWN",preco,tipo,
10141,"MALTE BAIRDS MARIS OTTER",preco,tipo,
10140,"MALTE ALE MARIS OTTER",preco,tipo,
10139,"MALTE ACIDULATED",preco,tipo,
10138,"LUPULO ZYTHOS",preco,tipo,
10137,"LUPULO ZEUS",preco,tipo,
10136,"LUPULO WHITBREAD GOLDING",preco,tipo,
10135,"LUPULO WAKATU",preco,tipo,
10134,"LUPULO WAI-ITI",preco,tipo,
10133,"LUPULO VIC SECRET",preco,tipo,
10132,"LUPULO TRISKEL",preco,tipo,
10131,"LUPULO TRIPLE PEARL",preco,tipo,
10130,"LUPULO TOPAZ",preco,tipo,
10129,"LUPULO TNT",preco,tipo,
10128,"LUPULO TETTNANGER",preco,tipo,
10127,"LUPULO TAIHEKE",preco,tipo,
10126,"LUPULO TAHOMA",preco,tipo,
10125,"LUPULO SUMMIT",preco,tipo,
10124,"LUPULO SUMMER",preco,tipo,
10123,"LUPULO STYRIAN GOLDING",preco,tipo,
10122,"LUPULO SOUTHEM CROSS",preco,tipo,
10121,"LUPULO SLOVENIA SAVINJSKI",preco,tipo,
10120,"LUPULO SIMCOE",preco,tipo,
10119,"LUPULO SABRO",preco,tipo,
10118,"LUPULO SAAZ",preco,tipo,
10117,"LUPULO RAKAU",preco,tipo,
10116,"LUPULO PROVOAK",preco,tipo,
10115,"LUPULO PILGRIM",preco,tipo,
10114,"LUPULO PACIFIC",preco,tipo,
10113,"LUPULO NUGGET",preco,tipo,
10112,"LUPULO NORTHERN BREWER",preco,tipo,
10111,"LUPULO MOUNT HOOD",preco,tipo,
10110,"LUPULO MOTUEKA",preco,tipo,
10109,"LUPULO MOSAIC",preco,tipo,
10108,"LUPULO MONROE",preco,tipo,
10107,"LUPULO MANDARINA",preco,tipo,
10106,"LUPULO MAGNUM",preco,tipo,
10105,"LUPULO LORAL",preco,tipo,
10104,"LUPULO LIBERTY",preco,tipo,
10103,"LUPULO LEMONDROP",preco,tipo,
10102,"LUPULO JARRYLO",preco,tipo,
10101,"LUPULO HERSBRUCKER",preco,tipo,
10100,"LUPULO HALLERTAUER MAGNUM",preco,tipo,
10099,"LUPULO HALLERTAU MITTELFRUEH",preco,tipo,
10098,"LUPULO HALLERTAU HULL MELON",preco,tipo,
10097,"LUPULO HALLERTAU",preco,tipo,
10096,"LUPULO GALENA",preco,tipo,
10095,"LUPULO GALAXY",preco,tipo,
10094,"LUPULO FUGGLE",preco,tipo,
10093,"LUPULO FRENCH ARAMIS",preco,tipo,
10092,"LUPULO FIRST GOLD",preco,tipo,
10091,"LUPULO FANTASIA",preco,tipo,
10090,"LUPULO EXP 472",preco,tipo,
10089,"LUPULO EUREKA",preco,tipo,
10088,"LUPULO ENIGMA",preco,tipo,
10087,"LUPULO ELLA",preco,tipo,
10086,"LUPULO EL DORADO",preco,tipo,
10085,"LUPULO EKUANOT",preco,tipo,
10084,"LUPULO EAST KENT GOLDING",preco,tipo,
10083,"LUPULO DENALI",preco,tipo,
10082,"LUPULO CRYSTAL",preco,tipo,
10081,"LUPULO COLUMBUS",preco,tipo,
10080,"LUPULO CITRA",preco,tipo,
10079,"LUPULO CHALLENGER",preco,tipo,
10078,"LUPULO CENTENNIAL",preco,tipo,
10077,"LUPULO CASHMERE",preco,tipo,
10076,"LUPULO CASCADE",preco,tipo,
10075,"LUPULO CALYPSO",preco,tipo,
10074,"LUPULO BRAVO",preco,tipo,
10073,"LUPULO AZACCA",preco,tipo,
10072,"LUPULO AMARILLO",preco,tipo,
10071,"LUPULO ADMIRAL",preco,tipo,
10070,"LUPULINA PO SIMCOE",preco,tipo,
10069,"LUPULINA PO MOSAIC",preco,tipo,
10068,"LUPULINA PO CITRA",preco,tipo,
10067,"LUPULINA PO CASCADE",preco,tipo,
10066,"LEVEDURA VIVA LF70",preco,tipo,
10065,"LEVEDURA VIVA ITW721",preco,tipo,
10064,"LEVEDURA VIVA CY25",preco,tipo,
10063,"LEVEDURA VIVA CY08",preco,tipo,
10062,"LEVEDURA VIVA CY07",preco,tipo,
10061,"LEVEDURA VIVA CY04",preco,tipo,
10060,"FLOCOS DE TRIGO",preco,tipo,
10059,"FLOCOS DE CEVADA",preco,tipo,
10058,"FERMENTO WILDBREW SOUR PITCH",preco,tipo,
10057,"FERMENTO WB-06",preco,tipo,
10056,"FERMENTO W34/70 BAIXA",preco,tipo,
10055,"FERMENTO US-05 ALTA",preco,tipo,
10054,"FERMENTO T 58 ALTA",preco,tipo,
10053,"FERMENTO MUNICH CLASSSIC",preco,tipo,
10052,"FERMENTO DANSTR SERVOMYCES",preco,tipo,
10051,"FERMENTO BELLE SAISON",preco,tipo,
10050,"FERMENTO BE-256",preco,tipo,
10049,"FERMENTO BE-134",preco,tipo,
10048,"FERMENTO ABBAYE",preco,tipo,
10047,"FENOLFTALEINA PA",preco,tipo,
10046,"EXTRATO DE MALTE SECO",preco,tipo,
10045,"EXTRATO DE LUPULO",preco,tipo,
10044,"CLORETO DE CALCIO U.S.P.",preco,tipo,
10043,"CLARIFICANTE BIOFINE P 19",preco,tipo,
10042,"CANDY SUGAR CLARO",preco,tipo,
10041,"BRETTANOMYCES LAMBICUS",preco,tipo,
10040,"BRETTANOMYCES CLAUSSENII",preco,tipo,
10039,"BRETTANOMYCES BRUXELLENSIS",preco,tipo,
10038,"AVEIA LAMINADA",preco,tipo,
10037,"ATTENUZYME PRO",preco,tipo,
10036,"AMG ENZIMA",preco,tipo,
10035,"AGUA CERVEJEIRA",preco,tipo,
10034,"ACIDO LATICO PA",preco,tipo,
10033,CARVAO,preco,tipo,
10032,"ACENDEDOR DE CARVAO",preco,tipo,
10031,"STEAK GRILL",preco,tipo,
10030,"STEAK DRY AGED 500G",preco,tipo,
10029,"SHORT RIB",preco,tipo,
10028,"RIBEYE SEM OSSO",preco,tipo,
10027,"PRIME RIB STEAK",preco,tipo,
10026,"PRIME RIB DUROC",preco,tipo,
10025,"PERNIL CORDEIRO",preco,tipo,
10024,"PATINHO EM PECA",preco,tipo,
10023,"PALETA CORDEIRO",preco,tipo,
10022,"PALETA BOVINO",preco,tipo,
10021,MORSILA,preco,tipo,
10020,"HAMBURGUER DRY AGED",preco,tipo,
10019,"HAMBURGUER CORDEIRO",preco,tipo,
10018,"HAMBURGUER CLASSICO",preco,tipo,
10017,"FILE MIGNON PORCIONADO",preco,tipo,
10016,"BLEND BURGER DELIVERY",preco,tipo,
10015,"BIFE DE CHORIZO",preco,tipo,
10014,"ASSADO EM TIRAS",preco,tipo,
10013,ALCATRA,preco,tipo,
10012,"MEIO DA ASA",preco,tipo,
10011,"GORDURA PATO",preco,tipo,
10010,"FRANGO A PASSARINHO",preco,tipo,
10009,"FILE FRANGO",preco,tipo,
10008,"DORSO FRANGO",preco,tipo,
10007,"COXA PERU",preco,tipo,
10006,"ASINHA DE FRANGO",preco,tipo,
10005,"WHISKEY JACK HONEY",preco,tipo,
10004,"VERM CARPANO PUNT E MES",preco,tipo,
10003,"MARTINI ROSSO",preco,tipo,
10002,"LICOR STOCK PEACH",preco,tipo,
10001,"CACHACA NEGA FULO",preco,tipo,
10000,"TANGERINA PONKAN",preco,tipo,
10411,"RECEITA AMERICAN STYLE WHEAT",preco,tipo,
10412,"RECEITA GOLDEN ALE",preco,tipo,
10413,"RECEITA AMERICAN MUSCLE",preco,tipo,
10414,"RECEITA SINGLE WAI -ITI",preco,tipo,
10415,"RECEITA SCHWARZBIER",preco,tipo,
10416,"RECEITA ENGLISH BITTER",preco,tipo,
10417,"RECEITA INDIA PALE ALE",preco,tipo,
10418,"RECEITA LITTLE IPA",preco,tipo,
10419,"RECEITA LITTLE RISK",preco,tipo,
10420,"RECEITA YELLOW LINE",preco,tipo,
10421,"RECEITA PINEY PILS",preco,tipo,
10422,"RECEITA ALTO LÁ",preco,tipo,
10423,"RECEITA MIDWAY",preco,tipo,
10424,"PROD GOOSE CARN HAMBURG COWPIG",preco,tipo,
10425,"PROD GOOSE HAMBURG VEGETARIANO",preco,tipo,
10426,"PROD GOOSE MASSA FUNGHI CROQ",preco,tipo,
10427,"PROD GOOSE ARROZ ARBORIO COZID",preco,tipo,
10428,"PROD GOOSE BATATA BOLINHA",preco,tipo,
10429,"PROD GOOSE MOLHO PICANTE FRANG",preco,tipo,
10430,"PROD GOOSE MOLHO TOMATE RUSTIC",preco,tipo,
10431,"PROD GOOSE CEBOLA CARAMELIZADA",preco,tipo,
10432,"PROD GOOSE BATATA FRITA",preco,tipo,
10433,"PROD GOOSE CALDA DE CHOCOLATE",preco,tipo,
10434,"PROD GOOSE EXTRATO DE TOMILHO",preco,tipo,
10435,"PROD GOOSE FAROFA DE AZEITONA",preco,tipo,
10436,"PROD GOOSE HAMBURGUER DE PATO",preco,tipo,
10437,"PROD GOOSE CHIPS BATATA DOCE",preco,tipo,
10438,"PROD GOOSE MAIONESE CLASSICA",preco,tipo,
10439,"PROD GOOSE MAIONESE DEFUMADA",preco,tipo,
10440,"PROD GOOSE MELAÇO DE CERVEJA",preco,tipo,
10441,"PROD GOOSE MOLHO CHIMICHURRI",preco,tipo,
10442,"PROD GOOSE CALDO DE LEGUMES",preco,tipo,
10443,"PROD GOOSE MAIONESE TOMILHO",preco,tipo,
10444,"PROD GOOSE MOLHO DE CAMBUCI",preco,tipo,
10445,"PROD GOOSE MOLHO DE PIMENTA",preco,tipo,
10446,"PROD GOOSE CALDA DE CANELA",preco,tipo,
10447,"PROD GOOSE EXTRATO CAMBUCI",preco,tipo,
10448,"PROD GOOSE FAROFA DE MALTE",preco,tipo,
10449,"PROD GOOSE FAROFA DE MALTE",preco,tipo,
10450,"PROD GOOSE LEGUMES ASSADOS",preco,tipo,
10451,"PROD GOOSE MAIONESE WASABI",preco,tipo,
10452,"PROD GOOSE MOSTARDA ESCURA",preco,tipo,
10453,"PROD GOOSE PERNIL DESFIADO",preco,tipo,
10454,"PROD GOOSE COSTELA ASSADA",preco,tipo,
10455,"PROD GOOSE LINGUIÇA MOIDA",preco,tipo,
10456,"PROD GOOSE MOLHO BARBECUE",preco,tipo,
10457,"PROD GOOSE MOLHO PARMESÃO",preco,tipo,
10458,"PROD GOOSE OLEO CONFITADO",preco,tipo,
10459,"PROD GOOSE CEBOLA ASSADA",preco,tipo,
10460,"PROD GOOSE MASSA POLPETA",preco,tipo,
10461,"PROD GOOSE MASSA TEMPURA",preco,tipo,
10462,"PROD GOOSE PATINHO MOIDO",preco,tipo,
10463,"PROD GOOSE ARROZ COZIDO",preco,tipo,
10464,"PROD GOOSE MOLHO CAESAR",preco,tipo,
10465,"PROD GOOSE MOLHO TAHINE",preco,tipo,
10466,"PROD GOOSE ALHO ASSADO",preco,tipo,
10467,"PROD GOOSE ATUM SELADO",preco,tipo,
10468,"PROD GOOSE MOLHO PESTO",preco,tipo,
10469,"PROD GOOSE CHANTILLY",preco,tipo,
10470,"PROD GOOSE CONFITADO",preco,tipo,
10471,"PROD GOOSE BROWNIE",preco,tipo,
10472,"PROD GOOSE FALAFEL",preco,tipo,
10473,"PROD GOOSE ROSBIFE",preco,tipo,
10474,"ABRIDOR PAREDE GOO",preco,tipo,
10475,"BONE BEGE",preco,tipo,
10476,"BONE FELTRO CINZA",preco,tipo,
10477,"BOURBON COUNTY BRAND STOUT 500",preco,tipo,
10478,"BUCKET HAT ALTAI",preco,tipo,
10479,"CAMISETA 7/8 FEM G",preco,tipo,
10480,"CAMISETA 7/8 FEM GG",preco,tipo,
10481,"CAMISETA 7/8 FEM M",preco,tipo,
10482,"CAMISETA 7/8 FEM P",preco,tipo,
10483,"CAMISETA 7/8 MASC G",preco,tipo,
10484,"CAMISETA 7/8 MASC GG",preco,tipo,
10485,"CAMISETA 7/8 MASC M",preco,tipo,
10486,"CAMISETA 7/8 MASC P",preco,tipo,
10487,"CAMISETA ALTAI GOO G",preco,tipo,
10488,"CAMISETA ALTAI GOO GG",preco,tipo,
10489,"CAMISETA ALTAI GOO M",preco,tipo,
10490,"CAMISETA ALTAI GOO P",preco,tipo,
10491,"CAMISETA AZUL FEM G",preco,tipo,
10492,"CAMISETA AZUL FEM GG",preco,tipo,
10493,"CAMISETA AZUL FEM M",preco,tipo,
10494,"CAMISETA AZUL FEM P",preco,tipo,
10495,"CAMISETA B COUNTY FEM G",preco,tipo,
10496,"CAMISETA B COUNTY FEM GG",preco,tipo,
10497,"CAMISETA B COUNTY FEM M",preco,tipo,
10498,"CAMISETA B COUNTYFEM P",preco,tipo,
10499,"CAMISETA B COUNTY GAR G",preco,tipo,
10500,"CAMISETA B COUNTY GAR GG",preco,tipo,
10501,"CAMISETA B COUNTYGAR M",preco,tipo,
10502,"CAMISETA B COUNTY GAR P",preco,tipo,
10503,"CAMISETA B COUNTY MAS G",preco,tipo,
10504,"CAMISETA B COUNTY MAS GG",preco,tipo,
10505,"CAMISETA B COUNTY MAS M",preco,tipo,
10506,"CAMISETA B COUNTYMAS P",preco,tipo,
10507,"CAMISETA BEGE MASC",preco,tipo,
10508,"CAMISETA FEM LUPULO G",preco,tipo,
10509,"CAMISETA FEM LUPULO GG",preco,tipo,
10510,"CAMISETA FEM LUPULO M",preco,tipo,
10511,"CAMISETA FEM LUPULO P",preco,tipo,
10512,"CAMISETA MASC AZUL LOGO G",preco,tipo,
10513,"CAMISETA MASC AZUL LOGO GG",preco,tipo,
10514,"CAMISETA MASC AZUL LOGO M",preco,tipo,
10515,"CAMISETA MASC AZUL LOGO P",preco,tipo,
10516,"CAMISETA MASC CHICAGO G",preco,tipo,
10517,"CAMISETA MASC CHICAGO GG",preco,tipo,
10518,"CAMISETA MASC CHICAGO M",preco,tipo,
10519,"CAMISETA MASC CHICAGO P",preco,tipo,
10520,"CAMISETA PRETA FEM",preco,tipo,
10521,"CAMISETA RAGLAN CINZ",preco,tipo,
10522,"CAMISETA RESERVA FEM",preco,tipo,
10523,"CAMISETA RESERVA MAS",preco,tipo,
10524,"CANECA OKTOBER",preco,tipo,
10525,CHAVEIRO,preco,tipo,
10526,"COPO 280",preco,tipo,
10527,"COPO 470",preco,tipo,
10528,"COPO 570",preco,tipo,
10529,"COPO ANIVERSARIO",preco,tipo,
10530,"GROWLER GOO GRANDE",preco,tipo,
10531,"GROWLER GOO PEQUENO",preco,tipo,
10532,"KIT MOSTARDA RUSTICA",preco,tipo,
10533,"MEIA ALTAI GOO",preco,tipo,
10534,"MOLETOM IPA GOO PRETO G",preco,tipo,
10535,"MOLETOM IPA GOO PRETO GG",preco,tipo,
10536,"MOLETOM IPA GOO PRETO M",preco,tipo,
10537,"MOLETOM IPA GOO PRETO P",preco,tipo,
10538,"TAÇA BOURBON COUNTY",preco,tipo,
10539,"VINHO FAUSTO CHARDONNAY 187ML",preco,tipo,
10540,"VINHO FAUSTO MERLOT 187ML",preco,tipo,
10541,"WHISKEY JACK SINGLE BARRE",preco,tipo,
10542,"WINDBREAKER ALTAI GO",preco,tipo,
10543,"WINDBREAKER ALTAI GO",preco,tipo,
10544,"WINDBREAKER ALTAI GO",preco,tipo,
10545,"WINDBREAKER ALTAI GO",preco,tipo,
301047,"CERVEJA GOO ISLAN GILLIA 765ML",preco,tipo,
301048,"CERVEJA GOO ISLAN HALIA 765ML",preco,tipo,
301050,"CERVEJA GOO ISLAN JULIET 765ML",preco,tipo,
301051,"CERVEJA GOO ISLAN LOLITA 765ML",preco,tipo,
301052,"CERVEJA GOO ISLAN MIDWAY 355ML",preco,tipo,
301055,"CERVEJA GOO ISLAN SOFIE 355ML",preco,tipo,
301056,"CERVEJA GOO ISLAN SOFIE 765ML",preco,tipo,
302327,"GOO ISLAN IPA 355ML",preco,tipo,
3676,"POP THAT TOP COCO 280ML",8,tipo,
3677,"POP THAT TOP COCO 470ML",16.5,tipo,
3678,"GROWLER WEISSE CAJA ML",36,tipo,
3679,"DL GROWLER WEISSE CAJA ML",35,tipo,
3680,"GOOS WEISSE CAJA 50L ML",300,tipo,
3681,"GOO POP THAT TOP COCONU 50L ML",500,tipo,
3682,"GROWLER POP THAT TOP COCONU ML",36,tipo,
3683,"DL GROLWER POP THAT TOP COC ML",35,tipo,
3685,"VINHO TAO LONGE TAA 250ML",22.5,tipo,
3686,"DL GROWLER ALTO LA ML",35,tipo,
3687,"GROWLER SUMMER HAZE ML",35,tipo,
3688,"DL GROWLER SUMMER HAZE ML",35,tipo,
3689,"HONEY BREAD 280ML",11,tipo,
3690,"HONEY BREAD 470ML",16,tipo,
3691,"GROWLER HONEY BREAD ML",36,tipo,
3692,"DL GROWLER HONEY BREAD ML",36,tipo,
37,"GOOSE HONEY BREAD 50L ML",0,tipo,
10546,"BRAHMA ZERO 350ML",preco,tipo,
10547,GAS,preco,tipo,
3793,"GOOSE HONEY BREAD 50L ML",500,tipo,
2282,"CERVEJA NOI BIONDA 600ML ZÉ",17.5,tipo,
2283,"CERVEJA NOI BIONDA OURO 600ML",18.5,tipo,
2284,"CERVEJA NOI BIANCA 600ML ZÉ",20.5,tipo,
2285,"CERVEJA NOI SICILIA 600ML ZÉ",21.5,tipo,
2286,"CERVEJA NOI AVENA 600ML ZÉ",22.9,tipo,
2287,"CERVEJA NOI NERA 600ML ZÉ",20.5,tipo,
2288,"CERVEJA NOI ROSSA 600ML ZÉ",26.5,tipo,
2289,"CERVEJA NOI FIORELLA 600ML ZÉ",25.5,tipo,
3693,"CASA DA FAZENDA 280ML",0,tipo,
3694,"CASA DA FAZENDA CHOPP TACA",22,tipo,
3695,"GROWLER CASA DA FAZENDA ML",55,tipo,
3696,"DL GROWLER CASA DA FAZENDA ML",55,tipo,
3697,"GOOSE CASA DA FAZENDA 50L ML",500,tipo,
3698,"LOW IPA 280ML",11,tipo,
3699,"LOW IPA 470ML",18,tipo,
3700,"GROWLER LOW IPA ML",35,tipo,
3701,"DL GROWLER LOW IPA ML",35,tipo,
3702,"GOOSE LOW IPA 50L ML",500,tipo,
10548,"VINHO LATA BRANCO",preco,tipo,
10549,"VINHO LATA ROSE",preco,tipo,
10550,"BONE PRETO GOOSE",preco,tipo,
3703,"BONE PRETO GOOSE",70,tipo,
3704,"LEMONY LAGER 280ML",11,tipo,
3705,"LEMONY LAGER 470ML",16,tipo,
3706,"GROWLER LEMONY LAGER ML",35,tipo,
3707,"DL GROWLER LEMONY LAGER ML",35,tipo,
3708,"VULCANO CHEESE BURGER",34,tipo,
3709,"DL VULCANO CHEESE BURGER",34,tipo,
3710,"CAMISETA CABANA",75,tipo,
3711,"TERMICA CABANA",65,tipo,
3712,"SINGLE GALAXY 280ML",11,tipo,
3713,"SINGLE GALAXY 470ML",16,tipo,
3714,"GROWLER SINGLE GALAXY ML",36,tipo,
3715,"DL GROWLER SINGLE GALAXY ML",35,tipo,
3716,"GOOSE LEMONY LAGER 50L ML",500,tipo,
3717,"BARRIL BAIXA IPA 50ML",0,tipo,
3718,"ESPECIAL ACAO DE GRACAS",55,tipo,
3719,"CROW SINGLE GALAXY 710ML",25,tipo,
3720,"LOW IPA 570ML",22.5,tipo,
3721,"HONEY BREAD  570ML",22.5,tipo,
3722,"LEMONY LAGER 570ML",22.5,tipo,
3723,"POP THAT TOP COCO 570ML",22.5,tipo,
3724,"SINGLE GALAXY 570ML",22.5,tipo,
3725,"WEISSE CAJA 570ML",22.5,tipo,
10551,DOUNTS,preco,tipo,
10552,"WASSABY EM PO",preco,tipo,
10553,"PRESUNTO PARMA",preco,tipo,
10554,"PEPINO AGRIDOCE",preco,tipo,
10555,"PEPINO FERMENTADO",preco,tipo,
10556,"PAO DE HOT DOG TRA 90G",preco,tipo,
10557,ACEM,preco,tipo,
10558,OSSO,preco,tipo,
10559,RABADA,preco,tipo,
10560,MOCOTO,preco,tipo,
10561,KETCHUP,preco,tipo,
10562,"MOLHO SHOYU",preco,tipo,
10563,"LICOR KAHLUA",preco,tipo,
10564,"SAQUE AZUMA",preco,tipo,
3726,"CROW LOW IPA 710ML",25,tipo,
3727,"CROW BIG RISK 710ML",60,tipo,
3728,"CROW CASA DA FAZENDA 710ML",40,tipo,
3729,"CROW HONEY BREAD 710ML",25,tipo,
3730,"CROW LEMONY LAGER 710ML",25,tipo,
3731,"CROW POP THAT TOP 710ML",25,tipo,
3732,"CROW GOOSE DA FAZENDA 710ML",25,tipo,
3733,"GROW GOOSE DA FAZENDA 1L",9,tipo,
3734,"CROW GOOSE ONLY CASCADE 710ML",18.5,tipo,
3735,"GROWLER GOOSE ONLY CASCADE 1L",35,tipo,
3736,"DL GROWLER BOHEMIA WIT BIER",35,tipo,
3737,"GROWLER BOHEMIA WIT BIER",36,tipo,
10565,"ACUCAR CRISTALUCAR",preco,tipo,
10566,"FEIJAO PRETO",preco,tipo,
10567,"LINGUICA CALABRESA",preco,tipo,
3738,"CASCADE HAZY PALE ALE 280ML",11,tipo,
3739,"CASCADE HAZY PALE ALE 470ML",16,tipo,
3740,"CASCADE HAZY PALE ALE 570ML",22.5,tipo,
3741,"GROWLER CASCADE HAZY PALE A ML",36,tipo,
3742,"DL GROWLER CASCADE HAZY P A ML",35,tipo,
3743,"CROW CASCADE HAZY PALE A 710ML",25,tipo,
10568,CEBOLETE,preco,tipo,
10569,"PIMENTA JALAPENA",preco,tipo,
10570,"BARRIL INOV WIT 30L",preco,tipo,
10571,"MOSTARDA AMARELA",preco,tipo,
3744,"DL CROW AMERICAN WHEAT 710ML",25,tipo,
3745,"DL CROW ENGLISH BITTER 710ML",25,tipo,
3746,"DL CROW IPA 710ML",25,tipo,
3747,"DL CROW PINEY PILS 710ML",25,tipo,
3748,"DL CROW YELLOW LINE 710ML",25,tipo,
3749,"DL CROW MIDWAY 710ML",25,tipo,
3750,"DL CROW SINGLE GALAXY 710ML",25,tipo,
3751,"DL CROW LOW IPA 710ML",25,tipo,
3752,"DL CROW BIG RISK 710ML",60,tipo,
3753,"DL CROW CASA DA FAZENDA 710ML",40,tipo,
3754,"DL CROW HONEY BREAD 710ML",25,tipo,
3755,"DL CROW LEMONY LAGER 710ML",25,tipo,
3756,"DL CROW POP THAT TOP 710ML",25,tipo,
3757,"DL CROW WEISSE CAJA 710ML",25,tipo,
3794,"GOOSE GALAXY SINGLE 50L ML",500,tipo,
3800,PROVOLETA,36,tipo,
3801,"SALADA ROSBIFE",30,tipo,
3802,"PULLED PORK FRIES",32,tipo,
3803,"TABUA ROSBIFE",46,tipo,
3804,"NEW CHORIPAN",41,tipo,
3805,"NEW ROSBIFE SAND",39,tipo,
10573,"PAO CAMPAGNE",preco,tipo,
10575,"BARRIL CABERNET",preco,tipo,
10576,CONSERVARE,preco,tipo,
10577,DIOXIDO,preco,tipo,
10578,BURRATA,preco,tipo,
10579,"LUPULO CHINOOK",preco,tipo,
10580,"ZICLIP HASTE VERDE",preco,tipo,
10581,"LUPULO IDAHO7",preco,tipo,
10582,"LACRE BARRIL",preco,tipo,
10583,"EMBALAGEM VACUO",preco,tipo,
10585,"SACOLA KRAFT 90GRS",preco,tipo,
3758,"SODA LATA 350ML",5,tipo,
10586,"BATATA MINI WAFFLES",preco,tipo,
10587,"PAPEL ALUMINIO",preco,tipo,
10588,"ESPETO BAMBU",preco,tipo,
10589,"PANO MULTIUSO LARANJA",preco,tipo,
10590,"SACO PAPEL",preco,tipo,
10591,DESENGORDURANTE,preco,tipo,
10592,"PRODOOZE BG",preco,tipo,
10593,"PRODOOZE SC1",preco,tipo,
10594,"FLOCOS EM AVEIAS",preco,tipo,
10595,"SACOLA KRAFT G",preco,tipo,
10596,"DESINFETANTE AEROSSOL",preco,tipo,
10696,"CANUDO PAPEL",preco,tipo,
10597,"ENVELOPE TALHER KRAFT",preco,tipo,
10598,"ENVELOPE TALHER MONO",preco,tipo,
10599,"SACO DE LIXO 20L",preco,tipo,
10600,"LUVA TERMICA",preco,tipo,
10601,REMOVEDOR,preco,tipo,
10602,"SAPATO WORK",preco,tipo,
10603,"CALCA XADREZ",preco,tipo,
10605,LAMPADA,preco,tipo,
10606,"MATERIAL MANUTENCAO",preco,tipo,
10607,GRAMPEADOR,preco,tipo,
10608,ELASTICO,preco,tipo,
10609,"REFIL DE TINTA",preco,tipo,
10610,CANETA,preco,tipo,
10611,CADERNO,preco,tipo,
10612,FITA,preco,tipo,
10613,"POST IT",preco,tipo,
10614,"PAPEL ESCRITORIO",preco,tipo,
10615,PILHA,preco,tipo,
10616,BARBANTE,preco,tipo,
10617,COLA,preco,tipo,
10618,"SACO DE PRESENTE",preco,tipo,
10619,CADEADO,preco,tipo,
10620,"MATERIAL ESCRITORIO",preco,tipo,
10621,"ETIQUETA DE MANIPULACAO",preco,tipo,
10622,ROTEADOR,preco,tipo,
10623,"MOLHO TOMATE",preco,tipo,
10624,PALMITO,preco,tipo,
10625,CHUCHU,preco,tipo,
10626,"COGUMELO ERYNGUI",preco,tipo,
10627,"ARROZ 7 GRAOS",preco,tipo,
10628,MACADAMIA,preco,tipo,
10629,"MAIONESE SACHE",preco,tipo,
10630,"MALTE CHATEU CARA CLAIR",preco,tipo,
10631,"MALTE CHATEU CARA RUBY",preco,tipo,
10632,"MALTE CHATEU CHOCOLATE",preco,tipo,
10633,"MALTE CHATEU MELANO",preco,tipo,
3806,"DL MAIONESE CLASSICA",3,tipo,
3807,"DL MAIONESE LIMAO E ALHO",3,tipo,
3810,"DL MAIONESE TOMILHO",3,tipo,
10634,"POLPA GRUMIXAMA",preco,tipo,
10635,"POLPA CAJA",preco,tipo,
10636,"POLPA JABUTICADA",preco,tipo,
10637,"POLPA UVAIA",preco,tipo,
10638,"POLPA GRAVIOLA",preco,tipo,
10639,"POLPA CAMBUCI",preco,tipo,
10640,ROMA,preco,tipo,
10641,"PIMENTA PRETA",preco,tipo,
10642,FUBA,preco,tipo,
10644,"EXTRATO BAUNILHA",preco,tipo,
10645,"EXTRATO LIMAO",preco,tipo,
10646,"EXTRATO LARANJA",preco,tipo,
10647,"EXTRATO MEXERICA",preco,tipo,
10648,"EXTRATO TANGERINA",preco,tipo,
10649,"EXTRATO MANDARINA",preco,tipo,
10650,OREGANO,preco,tipo,
10651,"FILE OLHETE",preco,tipo,
10652,QUIRERA,preco,tipo,
10653,"VINHO COZINHA",preco,tipo,
10654,"COPO COLINS",preco,tipo,
10655,"WHISKY BOURBON",preco,tipo,
10656,ESPUMANTE,preco,tipo,
10657,"COLHER INOX",preco,tipo,
10658,"COLHER SOBREMESSA",preco,tipo,
10659,"FACA INOX",preco,tipo,
10660,"GARFO INOX",preco,tipo,
10661,"GARFO SOBREMESA",preco,tipo,
10662,"PRATO SOBREMESA",preco,tipo,
10663,"REGUAS CERVEJAS",preco,tipo,
10664,"SACO ROLHAS",preco,tipo,
3808,"CAMISETA BASICA GOOSE",0,tipo,
3809,"CAMISETA WONAM",65,tipo,
10665,"DEDEIRA LATEX",preco,tipo,
3811,"DOMAINE ROSE",preco,tipo,
3812,"DOMAINE BLANC",preco,tipo,
3813,"HAUT BLANC",preco,tipo,
10666,"CARBONATO DE CALCIO",preco,tipo,
10667,"SERVICO MANUTENCAO",preco,tipo,
10668,BOTINA,preco,tipo,
10669,"RECEITA BIG RISK",preco,tipo,
10700,"RECEITA GRANPA JOHN/LITTLE JOH",preco,tipo,
10701,"RECEITA MARINA TANGERINA",preco,tipo,
10702,"RECEITA SOFT SMOOTH BROWN",preco,tipo,
10703,"RECEITA PATRIX STOUT",preco,tipo,
10704,"RECEITA HAZY IPA",preco,tipo,
10705,"RECEITA LOW IPA",preco,tipo,
10706,"RECEITA CASA DA FAZENDA",preco,tipo,
10707,"RECEITA HONEY BREAD",preco,tipo,
10708,"RECEITA LEMONY LAGER",preco,tipo,
10709,"RECEITA ONLY CASCADE",preco,tipo,
10710,"RECEITA GALAXY IPA",preco,tipo,
10711,"RECEITA WEISSE CAJA",preco,tipo,
10712,"RECEITA BURITI WINE",preco,tipo,
10713,"PROD BACON",preco,tipo,
10714,"PROD CARNE DESFIADA BBQ",preco,tipo,
10716,"PROD DEMI GLACE",preco,tipo,
10717,"PROD MAIONESE ALHO LIMAO",preco,tipo,
10718,"PROD MIX FOLHA EXECUTIVO",preco,tipo,
10719,"PROD MOLHO BUFFALO WINGS",preco,tipo,
10572,"CILINDRO LOCACAO",preco,tipo,
3814,"MARINA TANGERINA 280ML",11,tipo,
3815,"CERVEJA HOEGAARDEN 269ML",10,tipo,
3816,"MARINA TANGERINA 570ML",22.5,tipo,
3817,"DL CROW MARINA TANGERINA 710ML",25,tipo,
3818,"DL GROWLER MARINA TANGERIN ML",35,tipo,
3819,"CROW MARINA TANGERINA 710ML",25,tipo,
3820,"GROWLER MARINA TANGERINA ML",35,tipo,
3821,"HAZY IPA 280ML",11.5,tipo,
3822,"HAZY IPA 470ML",20,tipo,
3823,"HAZY IPA 570ML",24,tipo,
3824,"DL CROW HAZY IPA 710ML",25,tipo,
3825,"DL GROWLER HAZY IPA ML",35,tipo,
3826,"CROW HAZY IPA 710ML",25,tipo,
3827,"GROWLER HAZY IPA ML",35,tipo,
10574,"LACRE DE SEGURANCA DL",preco,tipo,
3828,"CROW CASCADE HAZY PALE  710ML",25,tipo,
3829,"DL CROW CASCADE HAZY 710ML",25,tipo,
7040,"GARRAFA GOOSE 300 ML",3,tipo,
3830,"DL SMASH BURGER JALABACON",32,tipo,
3831,"DL SMASH BURGER SALADA",25,tipo,
3832,"DL SMASH BURGER ESPECIAL",25,tipo,
3293,"CHOPP KONA BIG WAVE 210ML",14,tipo,
10584,"PROD GOOSE TORTA DE MACA",preco,tipo,
10604,"PROD GOOSE OLEO DEFUMADO",preco,tipo,
10643,"PROD GOOSE PAO DE MEL",preco,tipo,
10670,"PROD GOOSE TUILE",preco,tipo,
10671,"PROD GOOSE ABOBORA ASSADA",preco,tipo,
10672,"PROD GOOSE CENOURA ASSADA",preco,tipo,
10673,"PROD GOOSE EKIMISSO",preco,tipo,
10674,"PROD GOOSE SOUR CREAM",preco,tipo,
10675,"PROD GOOSE MAIONESE ESPECIAL",preco,tipo,
10676,"PROD GOOSE CREME DE CHEDDAR",preco,tipo,
3294,"CERVEJA DURANZ CHOCOLAGER 500M",22.9,tipo,
3295,"CERVEJA DURANZ NIGREDO 500ML",26.9,tipo,
10677,"PROD GOOSE LOMBO BACALHAU",preco,tipo,
10678,"PROD GOOSE MOLHO DE PIMENTA",preco,tipo,
10679,"EMBALAGEM P/ FRITURA",preco,tipo,
10680,"PROD GOOSE BATATA DOCE ASSADA",preco,tipo,
3834,"GOOSE HAZY IPA 50L ML",500,tipo,
10681,"NOZ MOSCADA",preco,tipo,
10682,"OVO CAIPIRA",preco,tipo,
10683,"FERMENTO EM PO",preco,tipo,
10684,"CITRATO DE SODIO",preco,tipo,
10685,HEXAMETAFOSFATO,preco,tipo,
3833,"PATRIX 280ML",11,tipo,
3835,"PATRIX 470ML",16,tipo,
3836,"PATRIX 570ML",22.5,tipo,
3837,"CROW PATRIX 710 ML",25,tipo,
3838,"GROWLER PATRIX 1L",35,tipo,
3839,"DL GROWLER PATRIX ML",35,tipo,
3840,"DL CATUPIRY",4,tipo,
3841,"DL WAFFLE",16,tipo,
1722,"BECKS LONG NECK 330ML",preco,tipo,
3795,"GOOSE PATRIX  50L ML",500,tipo,
10686,"WAFFLE DOCE",preco,tipo,
10687,"FUMACA EM PO",preco,tipo,
10688,"GIRASSOL S/ CASCA",preco,tipo,
10689,"SEMENTE DE ABOBORA S/ CASCA",preco,tipo,
10690,"SORVETE DE CERVEJA",preco,tipo,
10691,"FERMENTO PHILLY SOUR",preco,tipo,
10692,"MALTE SWAEN ALE",preco,tipo,
10693,"MALTE SWAEN AMBER",preco,tipo,
10694,"MALTE SWAEN MUNICH LIGHT",preco,tipo,
3895,"BURGER ST PATRICK",45,tipo,
3796,"GOOSE MARINA TANGERIN 50L ML",500,tipo,
3896,"DL BURGER ST PATRICK",45,tipo,
10695,FRASCO,preco,tipo,
10697,TAMPA,preco,tipo,
10698,FILTRO,preco,tipo,
10699,"ROTULO CROWLER",preco,tipo,
10715,"FARINHA TRIGO KIBE",preco,tipo,
10720,"TOMATE DEBORA SALADA",preco,tipo,
10721,"PAPEL BARREIRA",preco,tipo,
10722,"LUPULO COMET",preco,tipo,
10723,AVENTAL,preco,tipo,
10724,REPELENTE,preco,tipo,
10725,"PAPEL SEDA",preco,tipo,
3799,"BONE AZUL GOOSE",70,tipo,
10726,"ESPONJA USO GERAL",preco,tipo,
10727,"ALFACE CRESPA ROXA",preco,tipo,
10728,"MILHO VERDE",preco,tipo,
3899,"CERV GOO ISLAN MADAME R  765",90,tipo,
3901,"CHATEAU ROBERPEROTS BORDEAUX",preco,tipo,
3902,"VINHO FAUSTO VERDE 750ML",preco,tipo,
3903,"VINHO 3 MEDALHAS 750",preco,tipo,
10729,"PROD CARNE EXECUTIVO",preco,tipo,
10730,"PROD COSTELINHA PORCO",preco,tipo,
10731,"POLENTA ITALIANA",preco,tipo,
3905,"GOOSE ONLY CASDADE 50L ML",500,tipo,
10732,"FILE ATUM",preco,tipo,
10733,"MALTE CARABODY",preco,tipo,
10734,"MALTE CARAFA III",preco,tipo,
10735,"MALTE BLACK",preco,tipo,
10736,"GELATINA LIMAO",preco,tipo,
10737,"GELATINA CERVEJA",preco,tipo,
10738,"LINGUICA DEFUMADA",preco,tipo,
3842,"SCHWARZA 280ML",11,tipo,
3843,"SCHWARZA 470ML",18.5,tipo,
3844,"SCHWARZA 570ML",22.5,tipo,
3845,"SCHWARZA 710ML",26,tipo,
3846,"SCHWARZA 1L",36,tipo,
3847,"SOFT SMOOTH 280ML",11.5,tipo,
3848,"SOFT SMOOTH 470ML",20,tipo,
3849,"SOFT SMOOTH 570ML",24,tipo,
3850,"SOFT SMOOTH 710ML",26,tipo,
3851,"SOFT SMOOTH 1L",36,tipo,
3852,"SOFT VANILLA 280ML",11.5,tipo,
3853,"SOFT VANILLA 470ML",20,tipo,
3854,"SOFT VANILLA 570ML",24,tipo,
3855,"PICADINHO BOHEMIA",25,tipo,
3856,"SOFT VANILLA 1L",36,tipo,
3857,"DL GROWLER SCHWARZA ML",36,tipo,
3858,"DL CROW SCHWARZA 710ML",26,tipo,
3859,"DL GROWLER SOFT SMOOTH ML",36,tipo,
3860,"DL CROW SOFT SMOOTH 710ML",26,tipo,
3861,"DL GROWLER SOFT VANILLA ML",36,tipo,
3862,"DL CROW SOFT VANILLA 710ML",26,tipo,
3863,WAFFLE,25,tipo,
10739,"GAS NTK",preco,tipo,
10740,FRANGO,preco,tipo,
3777,"GOOSE HAZY 355",18,tipo,
10741,"TAMPA CROWLER",preco,tipo,
10742,LIMAO,preco,tipo,
10743,B-725,preco,tipo,
10744,"SUCO EM PO",preco,tipo,
10745,"RECEITA NEIGHBORHOOD",preco,tipo,
3797,"GOOSE NEIGHBORHOOD 50L ML",500,tipo,
3867,"GOLDEN ALE 710ML",26,tipo,
3868,"GOLDEN ALE 1L",36,tipo,
3869,"DL CROW GOLDEN ALE 710ML",26,tipo,
3870,"DL GROWLER GOLDEN ALE ML",36,tipo,
3864,"GOLDEN ALE 280ML",11.5,tipo,
3865,"GOLDEN ALE 470ML",20,tipo,
3866,"GOLDEN ALE 570ML",24,tipo,
3871,"DL CROW PATRIX 710ML",26,tipo,
3872,"DL CHIMICHURRI",2,tipo,
10790,"PROD GOOSE CALDA FRUTAS VERMEL",preco,tipo,
3873,"NEIGHBOURHOOD 280ML",9,tipo,
3874,"NEIGHBOURHOOD 470ML",18.5,tipo,
3875,"NEIGHBOURHOOD 570ML",22.5,tipo,
3876,"CROW NEIGHBOUR 710ML",25,tipo,
3877,"DL CROW NEIGHBOUR 710ML",25,tipo,
3878,"GROWLER NEIGHBOUR 1L",35,tipo,
3879,"DL GROWLER NEIGHBOUR ML",35,tipo,
3880,"BARRIL GOOSE IPA IMPORTADA",500,tipo,
10746,"SABONETE ANTISSEPTICO",preco,tipo,
10747,"LIMPA VIDRO",preco,tipo,
10748,"FRETE LEVEDURA",preco,tipo,
3881,"GROWLER GOOSE LITTLE  RISK 1L",35,tipo,
3882,"IPA 33 280",11.5,tipo,
3883,"IPA 33 450",20,tipo,
3884,"IPA 33 570",24,tipo,
3885,"GROWLER IPA 33",35,tipo,
3886,"DL GROWLER IPA 33",35,tipo,
3887,"CROW IPA 33 710",25,tipo,
3888,"DL CROW IPA 33 710",25,tipo,
3798,"BARRIL LITTLE IPA 50 ML",500,tipo,
3761,"CROW  LITTLE IPA 710ML",25,tipo,
10749,"MATERIAL COZINHA",preco,tipo,
10750,"FARINHA DE MANDIOCA",preco,tipo,
3906,"THE BIG 33 BURGER",38,tipo,
3907,"DL THE BIG 33 BURGER",38,tipo,
3889,"MILK SHAKE BIG RISK",29,tipo,
10751,"RECEITA FUNKY KINGSTON",0,tipo,
10752,"RECEITA SOFT SMOOTH BROWN VANI",0,tipo,
10753,"RECEITA WEISS DO CHEFE",0,tipo,
3908,"LITTLE CATA 355",21,tipo,
3909,"BARRIL LITTLE CATA",500,tipo,
3910,"CROW LITTLE CATA 710",32,tipo,
3911,"GROWLER LITTLE CATA",45,tipo,
3912,"DL CROW LITTLE CATA",32,tipo,
3913,"DL GROWLER LITTLE CATA",45,tipo,
3914,"LITTLE CATA 280",13,tipo,
3915,"LITTLE CATA 470",22,tipo,
3916,"LITTLE CATA 570",26,tipo,
10754,"PROD GOOSE CARNE EXECUTIVO",preco,tipo,
3891,"CHOPP PATAGONIA AMBER 330ML",15,tipo,
3892,"CHOPP PATAGONIA AMBER 500ML",22,tipo,
3893,"GROWLER PATAGONIA AMBER 1L",35,tipo,
10755,"PIMENTA BODE",preco,tipo,
3917,"BARRIL SOFT SMOOT BROWN 50L ML",500,tipo,
3918,"BARRIL LITTLE IPA 30 ML",300,tipo,
3919,"BARRIL LITTLE RISK 20 ML",200,tipo,
10756,RIBEYE,preco,tipo,
3920,"VINHO FAUSTO VERVE 750",160,tipo,
10757,"HINOMOTO MISSO",preco,tipo,
3981,"MOLHO CHEDDAR EXTRA",7,tipo,
10758,"BOBINA PAPEL",preco,tipo,
10759,"BARRIL 30L",preco,tipo,
10760,"TOMATE SALADA",preco,tipo,
10761,"FACILIN CX 2 BAGS DE 2L",preco,tipo,
10762,"RAQUETE EM BIFES (FLAT IRON)",preco,tipo,
10763,"PRATO LISO",preco,tipo,
10764,TIGELA,preco,tipo,
10765,"TAG 2L",preco,tipo,
10766,"TAG 1L",preco,tipo,
3921,"LITTLE JOHN 280 ML",11.5,tipo,
3922,"LITTLE JOHN 470 ML",20,tipo,
3923,"LITTLE JOHN 570 ML",24,tipo,
3924,"DL CROW LITTLE JOHN 710 ML",26,tipo,
3925,"DL GROWLER LITTLE JOHN ML",36,tipo,
3926,"CROW LITTLE JOHN 710 ML",26,tipo,
3927,"GROWLER LITTLE JOHN ML",36,tipo,
3928,"LITTLE JOHN LATA 355 ML",14,tipo,
3935,"GRANDPA JOHN 280 ML",13,tipo,
3929,"GRANDPA JOHN 470 ML",22,tipo,
3930,"GRANDPA JOHN 570 ML",26,tipo,
3931,"DL CROW GRANDPA JOHN 710 ML",29,tipo,
3932,"DL GROWLER GRANDPA JOHN ML",41,tipo,
3933,"CROW GRANDPA JOHN 710 ML",29,tipo,
3934,"GROWLER GRANDPA JOHN ML",41,tipo,
3936,"GRANDPA JOHN LATA 355 ML",20,tipo,
10767,"PITANGA POLPA",preco,tipo,
10768,"PROD GOOSE HAMBURGUER",preco,tipo,
10769,"VODKA WYBOROWA",preco,tipo,
3937,"CHOCOLATE GALLETTE 40GR",11.9,tipo,
10770,"RECEITA NB - SCC 02",0,tipo,
10771,"RECEITA LOCOMOTIVA DIPA",0,tipo,
10772,"RECEITA PATAGONIA IPA",0,tipo,
3938,"CACAU ALE 280 ML",12,tipo,
3939,"CACAU ALE 450 ML",21,tipo,
3940,"CACAU ALE 570 ML",26,tipo,
3941,"DL CROW CACAU ALE 710ML",26,tipo,
3942,"DL GROWLER CACAU ALE ML",36,tipo,
3943,"CROWLER CACAU ALE 710ML",26,tipo,
3944,"GROWLER CACAU ALE ML",36,tipo,
10773,"RECEITA GOLDEN ALE CAFE E CACA",0,tipo,
3945,PALHETA,10,tipo,
3946,"KIT PALHETAS C/2",17,tipo,
3947,"WALS SESSION FREE LN 355",13,tipo,
10774,"MONITOR DE OLEO",preco,tipo,
3948,"GO GOLDEN ALE CAF E CAC 50L ML",500,tipo,
3949,"GOOSE GOLDEN ALE 50L ML",500,tipo,
10775,"ALCOOL ETILICO",preco,tipo,
3950,"MOLESKINE GOOSE",25,tipo,
10776,"RECEITA HAZY INTERNATIONAL",0,tipo,
3951,"VINHO LATA ROSE SOMM",18,tipo,
3952,"VINHO LATA TINTO SOMM",18,tipo,
3953,"VINHO LATA FRISANTE SOMM",18,tipo,
3954,"INTERNATIONAL HAZY 280ML",11.5,tipo,
3955,"INTERNATIONAL HAZY 470 ML",20,tipo,
3956,"INTERNATIONAL HAZY 570ML",24,tipo,
3957,"DL GROWLER INTER HAZY ML",36,tipo,
3958,"DL CROW INTER HAZY 710 ML",26,tipo,
3959,"GROWLER INTER HAZY ML",36,tipo,
3960,"CROW INTER HAZY 710 ML",26,tipo,
10777,"WHISKY J WALKER RED LABEL 1L",preco,tipo,
10778,"RECEITA TWO MILLION APA",preco,tipo,
10779,"RECEITA GOOSE AISER",preco,tipo,
10780,"MIX LE JAZZ",preco,tipo,
10781,"COSTELA BOVINA (ASSA DE TIRAS)",preco,tipo,
3961,"MIDWAY LATA 350",12,tipo,
3962,"LITTLE RISK 280 ML",11.5,tipo,
3963,"LITTLE RISK 470 ML",20,tipo,
3964,"LITTLE RISK 570 ML",24,tipo,
3965,"DL GROWLER LITTLE RISK ML",35,tipo,
3966,"DL CROW LITTLE RISK 710 ML",25,tipo,
3967,"GROWLER LITTLE RISK ML",35,tipo,
3968,"CROW LITTLE RISK 710 ML",25,tipo,
10782,"RECEITA BFF21 SOUR IPA",preco,tipo,
10783,"RECEITA LAST DANCE",preco,tipo,
3969,"GOOSE  SCHWARZBIER 50L ML",500,tipo,
3970,"CROWLER KONA",26,tipo,
3971,"CROWLER KONA LIGHT",26,tipo,
3972,"TWO MILLION 280ML",11,tipo,
3973,"TWO MILLION 470ML",18.5,tipo,
3974,"TWO MILLION 570ML",22.5,tipo,
3975,"DL GROWLER TWO MILLION ML",35,tipo,
3976,"DL CROW TWO MILLION 710ML",25,tipo,
3977,"GROWLER TWO MILLION ML",35,tipo,
3978,"CROW TWO MILLION 710 ML",25,tipo,
3979,"DL CROW WEISS DO CHEFE 710 ML",25,tipo,
3980,"CROW WEISS DO CHEFE 710 ML",25,tipo,
10784,"PROFESSIONAL ESPRESSO CUP 12",preco,tipo,
10785,"PROFESSIONAL SMALL SAUCER 12",preco,tipo,
10786,"SIDE PRO CAPSULE DIPENSER",preco,tipo,
10787,"BAMBU COFFE",preco,tipo,
3982,"ESPRESSO LEGGERO",5,tipo,
3983,"ESPRESSO RISTRETTO",5,tipo,
3984,"ESPRESSO DECAFFEINATO",5,tipo,
3985,IMA,preco,tipo,
10788,"NESPRESSO PROFESSIONAL ZENIUS",preco,tipo,
3986,"GOOSE INTERNATIONA HAZY 50L ML",500,tipo,
10789,"CHOC MEIO AMARGO",preco,tipo,
10791,"SOLUCAO TAMPAO",preco,tipo,
10792,"LUPULO SORACHI",preco,tipo,
10793,"CALCA MAS",preco,tipo,
10794,"CALCA FEM",preco,tipo,
3987,"VINHO LATA BRANCO SOMM",18,tipo,
10795,"LUPULO HALLERTAU CASCADE",preco,tipo,
3989,"LAST DANCE 280 ML",12,tipo,
3990,"LAST DANCE 470 ML",21,tipo,
3991,"LAST DANCE 570 ML",25,tipo,
3992,"CROW LAST DANCE 710 ML",28,tipo,
3993,"DL CROW LAST DANCE 710 ML",28,tipo,
3994,"GROWLER LAST DANCE ML",39,tipo,
3995,"DL GROWLER LAST DANCE ML",39,tipo,
3996,"GOOSE LITTLE JOHN 50L ML",500,tipo,
3997,"GOOSE LAST DANCE 50L ML",500,tipo,
4003,"BOURBON COUNTY BRAND STOUT 20",180,tipo,
3998,"GOOSE AISER 280 ML",11,tipo,
3988,"GOOSE AISER 470 ML",18.5,tipo,
4100,"GOOSE AISER 570 ML",22.5,tipo,
4101,"DL CROW GOOSE AISER 710ML",25,tipo,
4102,"DL GROWLER GOOSE AISER ML",35,tipo,
4103,"GROWLER GOOSE AISER ML",35,tipo,
4104,"CROW GOOSE AISER 710 ML",25,tipo,
4105,BBB,40,tipo,
4106,"DL BBB",40,tipo,
4107,"BACON CHEESE SAND",19,tipo,
4108,"DL BACON CHEESE SAND",19,tipo,
10796,"prod american cheese",preco,tipo,
10797,"prod goose hamburguer bacon",preco,tipo,
4005,"GOOSE AISER 50L ML",preco,tipo,
4006,"NOON - SUMMER ALE 470ML TESTE",0.01,tipo,
10798,"RECEITA NOON",preco,tipo,
